[{"model": "admin.logentry", "pk": 1, "fields": {"action_time": "2022-04-24T11:38:26.949Z", "user": 2, "content_type": 14, "object_id": "77", "object_repr": "KHS Flagstaff  2016", "action_flag": 2, "change_message": "[{\"changed\": {\"fields\": [\"Image url\", \"Image\"]}}]"}}, {"model": "admin.logentry", "pk": 2, "fields": {"action_time": "2022-04-24T11:44:38.510Z", "user": 2, "content_type": 14, "object_id": "77", "object_repr": "KHS Flagstaff  2016", "action_flag": 2, "change_message": "[{\"changed\": {\"fields\": [\"Image\"]}}]"}}, {"model": "admin.logentry", "pk": 3, "fields": {"action_time": "2022-04-24T12:05:47.544Z", "user": 2, "content_type": 14, "object_id": "76", "object_repr": "KHS Prescott 2019", "action_flag": 2, "change_message": "[{\"changed\": {\"fields\": [\"Image url\"]}}]"}}, {"model": "admin.logentry", "pk": 4, "fields": {"action_time": "2022-04-24T12:08:47.264Z", "user": 2, "content_type": 14, "object_id": "76", "object_repr": "KHS Prescott 2019", "action_flag": 2, "change_message": "[{\"changed\": {\"fields\": [\"Image\"]}}]"}}, {"model": "admin.logentry", "pk": 5, "fields": {"action_time": "2022-04-24T12:09:39.108Z", "user": 2, "content_type": 14, "object_id": "76", "object_repr": "KHS Prescott 2019", "action_flag": 2, "change_message": "[{\"changed\": {\"fields\": [\"Image\"]}}]"}}, {"model": "admin.logentry", "pk": 6, "fields": {"action_time": "2022-04-24T12:18:29.328Z", "user": 2, "content_type": 14, "object_id": "74", "object_repr": "KHS SIXFIFTY 7500 2019", "action_flag": 2, "change_message": "[{\"changed\": {\"fields\": [\"Image url\", \"Image\"]}}]"}}, {"model": "admin.logentry", "pk": 7, "fields": {"action_time": "2022-04-24T12:19:12.957Z", "user": 2, "content_type": 14, "object_id": "74", "object_repr": "KHS SIXFIFTY 7500 2019", "action_flag": 2, "change_message": "[{\"changed\": {\"fields\": [\"Image\"]}}]"}}, {"model": "admin.logentry", "pk": 8, "fields": {"action_time": "2022-04-24T12:29:53.893Z", "user": 2, "content_type": 14, "object_id": "71", "object_repr": "KHS SIXFIFTY 7500 2017", "action_flag": 2, "change_message": "[{\"changed\": {\"fields\": [\"Image url\", \"Image\"]}}]"}}, {"model": "admin.logentry", "pk": 9, "fields": {"action_time": "2022-04-24T12:31:07.971Z", "user": 2, "content_type": 14, "object_id": "71", "object_repr": "KHS SIXFIFTY 7500 2017", "action_flag": 2, "change_message": "[{\"changed\": {\"fields\": [\"Image\"]}}]"}}, {"model": "admin.logentry", "pk": 10, "fields": {"action_time": "2022-04-24T12:37:25.902Z", "user": 2, "content_type": 14, "object_id": "70", "object_repr": "KHS SIXFIFTY 7500 2018", "action_flag": 2, "change_message": "[{\"changed\": {\"fields\": [\"Image url\", \"Image\"]}}]"}}, {"model": "admin.logentry", "pk": 11, "fields": {"action_time": "2022-04-24T12:37:52.235Z", "user": 2, "content_type": 14, "object_id": "70", "object_repr": "KHS SIXFIFTY 7500 2018", "action_flag": 2, "change_message": "[{\"changed\": {\"fields\": [\"Image\"]}}]"}}, {"model": "admin.logentry", "pk": 12, "fields": {"action_time": "2022-04-24T12:39:52.601Z", "user": 2, "content_type": 14, "object_id": "69", "object_repr": "KHS Prescott 2018", "action_flag": 2, "change_message": "[{\"changed\": {\"fields\": [\"Image url\", \"Image\"]}}]"}}, {"model": "admin.logentry", "pk": 13, "fields": {"action_time": "2022-04-24T12:40:26.946Z", "user": 2, "content_type": 14, "object_id": "69", "object_repr": "KHS Prescott 2018", "action_flag": 2, "change_message": "[{\"changed\": {\"fields\": [\"Image\"]}}]"}}, {"model": "admin.logentry", "pk": 14, "fields": {"action_time": "2022-04-24T12:43:18.160Z", "user": 2, "content_type": 14, "object_id": "62", "object_repr": "KHS SIXFIFTY 5500 2019", "action_flag": 2, "change_message": "[{\"changed\": {\"fields\": [\"Image url\", \"Image\"]}}]"}}, {"model": "admin.logentry", "pk": 15, "fields": {"action_time": "2022-04-24T12:44:36.638Z", "user": 2, "content_type": 14, "object_id": "62", "object_repr": "KHS SIXFIFTY 5500 2019", "action_flag": 2, "change_message": "[{\"changed\": {\"fields\": [\"Image\"]}}]"}}, {"model": "admin.logentry", "pk": 16, "fields": {"action_time": "2022-04-24T12:46:44.554Z", "user": 2, "content_type": 14, "object_id": "51", "object_repr": "KHS SIXFIFTY 6500+ 2019", "action_flag": 2, "change_message": "[{\"changed\": {\"fields\": [\"Image url\", \"Image\"]}}]"}}, {"model": "admin.logentry", "pk": 17, "fields": {"action_time": "2022-04-24T12:47:25.465Z", "user": 2, "content_type": 14, "object_id": "51", "object_repr": "KHS SIXFIFTY 6500+ 2019", "action_flag": 2, "change_message": "[{\"changed\": {\"fields\": [\"Image\"]}}]"}}, {"model": "admin.logentry", "pk": 18, "fields": {"action_time": "2022-04-24T12:49:35.262Z", "user": 2, "content_type": 14, "object_id": "7", "object_repr": "KHS SIXFIFTY 6700  2017", "action_flag": 2, "change_message": "[{\"changed\": {\"fields\": [\"Image url\", \"Image\"]}}]"}}, {"model": "admin.logentry", "pk": 19, "fields": {"action_time": "2022-04-24T12:50:25.399Z", "user": 2, "content_type": 14, "object_id": "7", "object_repr": "KHS SIXFIFTY 6700  2017", "action_flag": 2, "change_message": "[{\"changed\": {\"fields\": [\"Image\"]}}]"}}, {"model": "admin.logentry", "pk": 20, "fields": {"action_time": "2022-04-24T12:53:05.578Z", "user": 2, "content_type": 14, "object_id": "79", "object_repr": "KHS SIXFIFTY 700 2016", "action_flag": 2, "change_message": "[{\"changed\": {\"fields\": [\"Image url\", \"Image\"]}}]"}}, {"model": "admin.logentry", "pk": 21, "fields": {"action_time": "2022-04-24T12:53:46.946Z", "user": 2, "content_type": 14, "object_id": "79", "object_repr": "KHS SIXFIFTY 700 2016", "action_flag": 2, "change_message": "[{\"changed\": {\"fields\": [\"Image\"]}}]"}}, {"model": "admin.logentry", "pk": 22, "fields": {"action_time": "2022-04-25T09:08:21.884Z", "user": 2, "content_type": 8, "object_id": "1", "object_repr": "test@example.com", "action_flag": 2, "change_message": "[{\"changed\": {\"fields\": [\"Verified\", \"Primary\"]}}]"}}, {"model": "admin.logentry", "pk": 23, "fields": {"action_time": "2022-04-26T13:09:04.280Z", "user": 2, "content_type": 14, "object_id": "53", "object_repr": "Trek Full Stache 8", "action_flag": 2, "change_message": "[{\"changed\": {\"fields\": [\"Image url\", \"Image\"]}}]"}}, {"model": "admin.logentry", "pk": 24, "fields": {"action_time": "2022-04-26T13:09:40.922Z", "user": 2, "content_type": 14, "object_id": "53", "object_repr": "Trek Full Stache 8", "action_flag": 2, "change_message": "[{\"changed\": {\"fields\": [\"Image\"]}}]"}}, {"model": "admin.logentry", "pk": 25, "fields": {"action_time": "2022-04-26T13:12:30.822Z", "user": 2, "content_type": 14, "object_id": "48", "object_repr": "Giant Trance 29er 2 2019", "action_flag": 2, "change_message": "[{\"changed\": {\"fields\": [\"Image url\", \"Image\"]}}]"}}, {"model": "admin.logentry", "pk": 26, "fields": {"action_time": "2022-04-26T13:15:53.920Z", "user": 2, "content_type": 14, "object_id": "48", "object_repr": "Giant Trance 29er 2 2019", "action_flag": 2, "change_message": "[{\"changed\": {\"fields\": [\"Image\"]}}]"}}, {"model": "admin.logentry", "pk": 27, "fields": {"action_time": "2022-04-26T13:17:47.713Z", "user": 2, "content_type": 14, "object_id": "44", "object_repr": "Niner Jet9 Rdo4 Eagle 2019", "action_flag": 2, "change_message": "[{\"changed\": {\"fields\": [\"Image url\", \"Image\"]}}]"}}, {"model": "admin.logentry", "pk": 28, "fields": {"action_time": "2022-04-26T13:18:23.034Z", "user": 2, "content_type": 14, "object_id": "44", "object_repr": "Niner Jet9 Rdo4 Eagle 2019", "action_flag": 2, "change_message": "[{\"changed\": {\"fields\": [\"Image\"]}}]"}}, {"model": "admin.logentry", "pk": 29, "fields": {"action_time": "2022-04-26T13:20:05.172Z", "user": 2, "content_type": 14, "object_id": "43", "object_repr": "Niner Jet9 Rdo5 Eagle Elite 2019", "action_flag": 2, "change_message": "[{\"changed\": {\"fields\": [\"Image url\", \"Image\"]}}]"}}, {"model": "admin.logentry", "pk": 30, "fields": {"action_time": "2022-04-26T13:20:50.570Z", "user": 2, "content_type": 14, "object_id": "43", "object_repr": "Niner Jet9 Rdo5 Eagle Elite 2019", "action_flag": 2, "change_message": "[{\"changed\": {\"fields\": [\"Image\"]}}]"}}, {"model": "admin.logentry", "pk": 31, "fields": {"action_time": "2022-04-26T13:23:01.611Z", "user": 2, "content_type": 14, "object_id": "41", "object_repr": "Kona Hei Hei 2019", "action_flag": 2, "change_message": "[{\"changed\": {\"fields\": [\"Image url\", \"Image\"]}}]"}}, {"model": "admin.logentry", "pk": 32, "fields": {"action_time": "2022-04-26T13:23:37.203Z", "user": 2, "content_type": 14, "object_id": "41", "object_repr": "Kona Hei Hei 2019", "action_flag": 2, "change_message": "[{\"changed\": {\"fields\": [\"Image\"]}}]"}}, {"model": "admin.logentry", "pk": 33, "fields": {"action_time": "2022-04-26T13:25:38.709Z", "user": 2, "content_type": 14, "object_id": "38", "object_repr": "Trek Slash 9.7 29 2018", "action_flag": 2, "change_message": "[{\"changed\": {\"fields\": [\"Image url\", \"Image\"]}}]"}}, {"model": "admin.logentry", "pk": 34, "fields": {"action_time": "2022-04-26T13:26:16.085Z", "user": 2, "content_type": 14, "object_id": "38", "object_repr": "Trek Slash 9.7 29 2018", "action_flag": 2, "change_message": "[{\"changed\": {\"fields\": [\"Image\"]}}]"}}, {"model": "admin.logentry", "pk": 35, "fields": {"action_time": "2022-04-26T13:28:08.557Z", "user": 2, "content_type": 14, "object_id": "37", "object_repr": "Giant Trance Adv Pro 29er 2 2019", "action_flag": 2, "change_message": "[{\"changed\": {\"fields\": [\"Image url\", \"Image\"]}}]"}}, {"model": "admin.logentry", "pk": 36, "fields": {"action_time": "2022-04-26T13:28:44.078Z", "user": 2, "content_type": 14, "object_id": "37", "object_repr": "Giant Trance Adv Pro 29er 2 2019", "action_flag": 2, "change_message": "[{\"changed\": {\"fields\": [\"Image\"]}}]"}}, {"model": "admin.logentry", "pk": 37, "fields": {"action_time": "2022-04-26T13:30:29.623Z", "user": 2, "content_type": 14, "object_id": "35", "object_repr": "Giant Trance Adv Pro 29er 1 2019", "action_flag": 2, "change_message": "[{\"changed\": {\"fields\": [\"Image url\", \"Image\"]}}]"}}, {"model": "admin.logentry", "pk": 38, "fields": {"action_time": "2022-04-26T13:31:09.910Z", "user": 2, "content_type": 14, "object_id": "35", "object_repr": "Giant Trance Adv Pro 29er 1 2019", "action_flag": 2, "change_message": "[{\"changed\": {\"fields\": [\"Image\"]}}]"}}, {"model": "admin.logentry", "pk": 39, "fields": {"action_time": "2022-04-26T13:34:07.551Z", "user": 2, "content_type": 14, "object_id": "34", "object_repr": "Giant Anthem 29er 2 2019", "action_flag": 2, "change_message": "[{\"changed\": {\"fields\": [\"Image url\", \"Image\"]}}]"}}, {"model": "admin.logentry", "pk": 40, "fields": {"action_time": "2022-04-26T13:34:43.283Z", "user": 2, "content_type": 14, "object_id": "34", "object_repr": "Giant Anthem 29er 2 2019", "action_flag": 2, "change_message": "[{\"changed\": {\"fields\": [\"Image\"]}}]"}}, {"model": "admin.logentry", "pk": 41, "fields": {"action_time": "2022-04-26T13:36:52.030Z", "user": 2, "content_type": 14, "object_id": "33", "object_repr": "Fuji Rakan 29 1.5 2019", "action_flag": 2, "change_message": "[{\"changed\": {\"fields\": [\"Image url\", \"Image\"]}}]"}}, {"model": "admin.logentry", "pk": 42, "fields": {"action_time": "2022-04-26T13:37:31.825Z", "user": 2, "content_type": 14, "object_id": "33", "object_repr": "Fuji Rakan 29 1.5 2019", "action_flag": 2, "change_message": "[{\"changed\": {\"fields\": [\"Image\"]}}]"}}, {"model": "admin.logentry", "pk": 43, "fields": {"action_time": "2022-04-26T13:38:48.568Z", "user": 2, "content_type": 14, "object_id": "29", "object_repr": "Trek Fuel Ex 9.8 27.5 Plus 2017", "action_flag": 2, "change_message": "[{\"changed\": {\"fields\": [\"Image url\", \"Image\"]}}]"}}, {"model": "admin.logentry", "pk": 44, "fields": {"action_time": "2022-04-26T13:39:17.645Z", "user": 2, "content_type": 14, "object_id": "29", "object_repr": "Trek Fuel Ex 9.8 27.5 Plus 2017", "action_flag": 2, "change_message": "[{\"changed\": {\"fields\": [\"Image\"]}}]"}}, {"model": "admin.logentry", "pk": 45, "fields": {"action_time": "2022-04-26T13:41:31.777Z", "user": 2, "content_type": 14, "object_id": "27", "object_repr": "Cannondale Jekyll 2 2019", "action_flag": 2, "change_message": "[{\"changed\": {\"fields\": [\"Image url\", \"Image\"]}}]"}}, {"model": "admin.logentry", "pk": 46, "fields": {"action_time": "2022-04-26T13:42:09.101Z", "user": 2, "content_type": 14, "object_id": "27", "object_repr": "Cannondale Jekyll 2 2019", "action_flag": 2, "change_message": "[{\"changed\": {\"fields\": [\"Image\"]}}]"}}, {"model": "admin.logentry", "pk": 47, "fields": {"action_time": "2022-04-26T13:43:58.917Z", "user": 2, "content_type": 14, "object_id": "26", "object_repr": "Orbea Orbra Oiz H 30 2020", "action_flag": 2, "change_message": "[{\"changed\": {\"fields\": [\"Image url\", \"Image\"]}}]"}}, {"model": "admin.logentry", "pk": 48, "fields": {"action_time": "2022-04-26T13:44:28.509Z", "user": 2, "content_type": 14, "object_id": "26", "object_repr": "Orbea Orbra Oiz H 30 2020", "action_flag": 2, "change_message": "[{\"changed\": {\"fields\": [\"Image\"]}}]"}}, {"model": "admin.logentry", "pk": 49, "fields": {"action_time": "2022-04-26T13:46:36.896Z", "user": 2, "content_type": 14, "object_id": "23", "object_repr": "Scott Spark 940 2019", "action_flag": 2, "change_message": "[{\"changed\": {\"fields\": [\"Image url\", \"Image\"]}}]"}}, {"model": "admin.logentry", "pk": 50, "fields": {"action_time": "2022-04-26T13:47:06.374Z", "user": 2, "content_type": 14, "object_id": "23", "object_repr": "Scott Spark 940 2019", "action_flag": 2, "change_message": "[{\"changed\": {\"fields\": [\"Image\"]}}]"}}, {"model": "admin.logentry", "pk": 51, "fields": {"action_time": "2022-04-26T13:48:52.540Z", "user": 2, "content_type": 14, "object_id": "22", "object_repr": "Giant Anthem 29er 1 2018", "action_flag": 2, "change_message": "[{\"changed\": {\"fields\": [\"Image url\", \"Image\"]}}]"}}, {"model": "admin.logentry", "pk": 52, "fields": {"action_time": "2022-04-26T13:49:21.497Z", "user": 2, "content_type": 14, "object_id": "22", "object_repr": "Giant Anthem 29er 1 2018", "action_flag": 2, "change_message": "[{\"changed\": {\"fields\": [\"Image\"]}}]"}}, {"model": "admin.logentry", "pk": 53, "fields": {"action_time": "2022-04-26T13:51:14.545Z", "user": 2, "content_type": 14, "object_id": "21", "object_repr": "Scott Spark RC900 Wld Cup 2019", "action_flag": 2, "change_message": "[{\"changed\": {\"fields\": [\"Image url\", \"Image\"]}}]"}}, {"model": "admin.logentry", "pk": 54, "fields": {"action_time": "2022-04-26T13:51:48.058Z", "user": 2, "content_type": 14, "object_id": "21", "object_repr": "Scott Spark RC900 Wld Cup 2019", "action_flag": 2, "change_message": "[{\"changed\": {\"fields\": [\"Image\"]}}]"}}, {"model": "admin.logentry", "pk": 55, "fields": {"action_time": "2022-04-26T13:53:26.828Z", "user": 2, "content_type": 14, "object_id": "20", "object_repr": "Giant Anthem Advanced 2", "action_flag": 2, "change_message": "[{\"changed\": {\"fields\": [\"Image url\", \"Image\"]}}]"}}, {"model": "admin.logentry", "pk": 56, "fields": {"action_time": "2022-04-26T13:53:51.310Z", "user": 2, "content_type": 14, "object_id": "20", "object_repr": "Giant Anthem Advanced 2", "action_flag": 2, "change_message": "[{\"changed\": {\"fields\": [\"Image\"]}}]"}}, {"model": "admin.logentry", "pk": 57, "fields": {"action_time": "2022-04-26T13:55:07.041Z", "user": 2, "content_type": 14, "object_id": "19", "object_repr": "Jamis Portal A2 2019", "action_flag": 2, "change_message": "[{\"changed\": {\"fields\": [\"Image url\", \"Image\"]}}]"}}, {"model": "admin.logentry", "pk": 58, "fields": {"action_time": "2022-04-26T13:55:38.864Z", "user": 2, "content_type": 14, "object_id": "19", "object_repr": "Jamis Portal A2 2019", "action_flag": 2, "change_message": "[{\"changed\": {\"fields\": [\"Image\"]}}]"}}, {"model": "admin.logentry", "pk": 59, "fields": {"action_time": "2022-04-26T13:56:45.935Z", "user": 2, "content_type": 14, "object_id": "18", "object_repr": "Jamis Hardline A2 2019", "action_flag": 2, "change_message": "[{\"changed\": {\"fields\": [\"Image url\", \"Image\"]}}]"}}, {"model": "admin.logentry", "pk": 60, "fields": {"action_time": "2022-04-26T13:57:27.618Z", "user": 2, "content_type": 14, "object_id": "18", "object_repr": "Jamis Hardline A2 2019", "action_flag": 2, "change_message": "[{\"changed\": {\"fields\": [\"Image\"]}}]"}}, {"model": "admin.logentry", "pk": 61, "fields": {"action_time": "2022-04-29T15:03:01.281Z", "user": 2, "content_type": 14, "object_id": "17", "object_repr": "Jamis Portal A1+ 2019", "action_flag": 2, "change_message": "[{\"changed\": {\"fields\": [\"Image url\", \"Image\"]}}]"}}, {"model": "admin.logentry", "pk": 62, "fields": {"action_time": "2022-04-29T15:03:47.744Z", "user": 2, "content_type": 14, "object_id": "17", "object_repr": "Jamis Portal A1+ 2019", "action_flag": 2, "change_message": "[{\"changed\": {\"fields\": [\"Image\"]}}]"}}, {"model": "admin.logentry", "pk": 63, "fields": {"action_time": "2022-04-29T15:07:01.747Z", "user": 2, "content_type": 14, "object_id": "16", "object_repr": "Jamis Hardline A1 2019", "action_flag": 2, "change_message": "[{\"changed\": {\"fields\": [\"Image url\", \"Image\"]}}]"}}, {"model": "admin.logentry", "pk": 64, "fields": {"action_time": "2022-04-29T15:07:54.779Z", "user": 2, "content_type": 14, "object_id": "16", "object_repr": "Jamis Hardline A1 2019", "action_flag": 2, "change_message": "[{\"changed\": {\"fields\": [\"Image\"]}}]"}}, {"model": "admin.logentry", "pk": 65, "fields": {"action_time": "2022-04-29T15:10:26.070Z", "user": 2, "content_type": 14, "object_id": "15", "object_repr": "Scott Spark RC 900 Comp 2018", "action_flag": 2, "change_message": "[{\"changed\": {\"fields\": [\"Image url\", \"Image\"]}}]"}}, {"model": "admin.logentry", "pk": 66, "fields": {"action_time": "2022-04-29T15:10:56.873Z", "user": 2, "content_type": 14, "object_id": "15", "object_repr": "Scott Spark RC 900 Comp 2018", "action_flag": 2, "change_message": "[{\"changed\": {\"fields\": [\"Image\"]}}]"}}, {"model": "admin.logentry", "pk": 67, "fields": {"action_time": "2022-04-29T15:13:16.442Z", "user": 2, "content_type": 14, "object_id": "14", "object_repr": "Specialized Camber Comp 2017", "action_flag": 2, "change_message": "[{\"changed\": {\"fields\": [\"Image url\", \"Image\"]}}]"}}, {"model": "admin.logentry", "pk": 68, "fields": {"action_time": "2022-04-29T15:13:46.677Z", "user": 2, "content_type": 14, "object_id": "14", "object_repr": "Specialized Camber Comp 2017", "action_flag": 2, "change_message": "[{\"changed\": {\"fields\": [\"Image\"]}}]"}}, {"model": "admin.logentry", "pk": 69, "fields": {"action_time": "2022-04-29T15:16:00.020Z", "user": 2, "content_type": 14, "object_id": "13", "object_repr": "Yeti SB130 X01 2019", "action_flag": 2, "change_message": "[{\"changed\": {\"fields\": [\"Image url\", \"Image\"]}}]"}}, {"model": "admin.logentry", "pk": 70, "fields": {"action_time": "2022-04-29T15:16:28.025Z", "user": 2, "content_type": 14, "object_id": "13", "object_repr": "Yeti SB130 X01 2019", "action_flag": 2, "change_message": "[{\"changed\": {\"fields\": [\"Image\"]}}]"}}, {"model": "admin.logentry", "pk": 71, "fields": {"action_time": "2022-04-29T15:18:18.145Z", "user": 2, "content_type": 14, "object_id": "12", "object_repr": "Specialized Epic Expert 2016", "action_flag": 2, "change_message": "[{\"changed\": {\"fields\": [\"Image url\", \"Image\"]}}]"}}, {"model": "admin.logentry", "pk": 72, "fields": {"action_time": "2022-04-29T15:19:03.690Z", "user": 2, "content_type": 14, "object_id": "12", "object_repr": "Specialized Epic Expert 2016", "action_flag": 2, "change_message": "[{\"changed\": {\"fields\": [\"Image\"]}}]"}}, {"model": "admin.logentry", "pk": 73, "fields": {"action_time": "2022-04-29T15:22:25.716Z", "user": 2, "content_type": 14, "object_id": "11", "object_repr": "Trek Top Fuel 9.7 2018", "action_flag": 2, "change_message": "[{\"changed\": {\"fields\": [\"Image url\", \"Image\"]}}]"}}, {"model": "admin.logentry", "pk": 74, "fields": {"action_time": "2022-04-29T15:23:04.456Z", "user": 2, "content_type": 14, "object_id": "11", "object_repr": "Trek Top Fuel 9.7 2018", "action_flag": 2, "change_message": "[{\"changed\": {\"fields\": [\"Image\"]}}]"}}, {"model": "admin.logentry", "pk": 75, "fields": {"action_time": "2022-04-29T15:24:52.978Z", "user": 2, "content_type": 14, "object_id": "9", "object_repr": "Cannondale Scalpel HMWC 2019", "action_flag": 2, "change_message": "[{\"changed\": {\"fields\": [\"Image url\", \"Image\"]}}]"}}, {"model": "admin.logentry", "pk": 76, "fields": {"action_time": "2022-04-29T15:25:18.030Z", "user": 2, "content_type": 14, "object_id": "9", "object_repr": "Cannondale Scalpel HMWC 2019", "action_flag": 2, "change_message": "[{\"changed\": {\"fields\": [\"Image\"]}}]"}}, {"model": "admin.logentry", "pk": 77, "fields": {"action_time": "2022-04-29T15:26:56.799Z", "user": 2, "content_type": 14, "object_id": "8", "object_repr": "Specialized Stumpjumper 2016", "action_flag": 2, "change_message": "[{\"changed\": {\"fields\": [\"Image url\", \"Image\"]}}]"}}, {"model": "admin.logentry", "pk": 78, "fields": {"action_time": "2022-04-29T15:27:39.107Z", "user": 2, "content_type": 14, "object_id": "8", "object_repr": "Specialized Stumpjumper 2016", "action_flag": 2, "change_message": "[{\"changed\": {\"fields\": [\"Image\"]}}]"}}, {"model": "admin.logentry", "pk": 79, "fields": {"action_time": "2022-04-29T15:29:54.591Z", "user": 2, "content_type": 14, "object_id": "5", "object_repr": "Jamis Halo XCT Pro 2017", "action_flag": 2, "change_message": "[{\"changed\": {\"fields\": [\"Image url\", \"Image\"]}}]"}}, {"model": "admin.logentry", "pk": 80, "fields": {"action_time": "2022-04-29T15:30:26.899Z", "user": 2, "content_type": 14, "object_id": "5", "object_repr": "Jamis Halo XCT Pro 2017", "action_flag": 2, "change_message": "[{\"changed\": {\"fields\": [\"Image\"]}}]"}}, {"model": "admin.logentry", "pk": 81, "fields": {"action_time": "2022-04-29T15:31:49.586Z", "user": 2, "content_type": 14, "object_id": "4", "object_repr": "Haro Shift R9 LT 2017", "action_flag": 2, "change_message": "[{\"changed\": {\"fields\": [\"Image url\", \"Image\"]}}]"}}, {"model": "admin.logentry", "pk": 82, "fields": {"action_time": "2022-04-29T15:33:00.398Z", "user": 2, "content_type": 14, "object_id": "4", "object_repr": "Haro Shift R9 LT 2017", "action_flag": 2, "change_message": "[{\"changed\": {\"fields\": [\"Image\"]}}]"}}, {"model": "admin.logentry", "pk": 83, "fields": {"action_time": "2022-04-29T15:35:12.377Z", "user": 2, "content_type": 14, "object_id": "4", "object_repr": "Haro Shift R9 LT 2017", "action_flag": 2, "change_message": "[{\"changed\": {\"fields\": [\"Image url\", \"Image\"]}}]"}}, {"model": "admin.logentry", "pk": 84, "fields": {"action_time": "2022-04-29T15:35:54.164Z", "user": 2, "content_type": 14, "object_id": "4", "object_repr": "Haro Shift R9 LT 2017", "action_flag": 2, "change_message": "[{\"changed\": {\"fields\": [\"Image\"]}}]"}}, {"model": "admin.logentry", "pk": 85, "fields": {"action_time": "2022-04-29T15:37:45.252Z", "user": 2, "content_type": 14, "object_id": "3", "object_repr": "Cannondale Trigger 27.5 2015", "action_flag": 2, "change_message": "[{\"changed\": {\"fields\": [\"Image url\", \"Image\"]}}]"}}, {"model": "admin.logentry", "pk": 86, "fields": {"action_time": "2022-04-29T15:38:16.431Z", "user": 2, "content_type": 14, "object_id": "3", "object_repr": "Cannondale Trigger 27.5 2015", "action_flag": 2, "change_message": "[{\"changed\": {\"fields\": [\"Image\"]}}]"}}, {"model": "admin.logentry", "pk": 87, "fields": {"action_time": "2022-04-29T15:39:59.238Z", "user": 2, "content_type": 14, "object_id": "1", "object_repr": "Specialized Enduro Comp 2016", "action_flag": 2, "change_message": "[{\"changed\": {\"fields\": [\"Image url\", \"Image\"]}}]"}}, {"model": "admin.logentry", "pk": 88, "fields": {"action_time": "2022-04-29T15:40:29.764Z", "user": 2, "content_type": 14, "object_id": "1", "object_repr": "Specialized Enduro Comp 2016", "action_flag": 2, "change_message": "[{\"changed\": {\"fields\": [\"Image\"]}}]"}}, {"model": "admin.logentry", "pk": 89, "fields": {"action_time": "2022-04-29T15:43:43.747Z", "user": 2, "content_type": 14, "object_id": "80", "object_repr": "Felt Dispatch 9 / 90 2018", "action_flag": 2, "change_message": "[{\"changed\": {\"fields\": [\"Image url\", \"Image\"]}}]"}}, {"model": "admin.logentry", "pk": 90, "fields": {"action_time": "2022-04-29T15:44:16.315Z", "user": 2, "content_type": 14, "object_id": "80", "object_repr": "Felt Dispatch 9 / 90 2018", "action_flag": 2, "change_message": "[{\"changed\": {\"fields\": [\"Image\"]}}]"}}, {"model": "admin.logentry", "pk": 91, "fields": {"action_time": "2022-04-29T15:45:39.730Z", "user": 2, "content_type": 14, "object_id": "78", "object_repr": "Specialized Rockhopper 2018", "action_flag": 2, "change_message": "[{\"changed\": {\"fields\": [\"Image url\", \"Image\"]}}]"}}, {"model": "admin.logentry", "pk": 92, "fields": {"action_time": "2022-04-29T15:46:20.182Z", "user": 2, "content_type": 14, "object_id": "78", "object_repr": "Specialized Rockhopper 2018", "action_flag": 2, "change_message": "[{\"changed\": {\"fields\": [\"Image\"]}}]"}}, {"model": "admin.logentry", "pk": 124, "fields": {"action_time": "2022-05-06T13:43:53.255Z", "user": 2, "content_type": 14, "object_id": "75", "object_repr": "KHS SIXFIFTY 200 Women 2018", "action_flag": 2, "change_message": "[{\"changed\": {\"fields\": [\"Image url\", \"Image\"]}}]"}}, {"model": "admin.logentry", "pk": 125, "fields": {"action_time": "2022-05-06T13:44:24.510Z", "user": 2, "content_type": 14, "object_id": "75", "object_repr": "KHS SIXFIFTY 200 Women 2018", "action_flag": 2, "change_message": "[{\"changed\": {\"fields\": [\"Image\"]}}]"}}, {"model": "admin.logentry", "pk": 126, "fields": {"action_time": "2022-05-06T13:47:23.619Z", "user": 2, "content_type": 14, "object_id": "73", "object_repr": "KHS SIXFIFTY 600+ Women 2018", "action_flag": 2, "change_message": "[{\"changed\": {\"fields\": [\"Image url\", \"Image\"]}}]"}}, {"model": "admin.logentry", "pk": 127, "fields": {"action_time": "2022-05-06T13:47:49.856Z", "user": 2, "content_type": 14, "object_id": "73", "object_repr": "KHS SIXFIFTY 600+ Women 2018", "action_flag": 2, "change_message": "[{\"changed\": {\"fields\": [\"Image\"]}}]"}}, {"model": "admin.logentry", "pk": 128, "fields": {"action_time": "2022-05-06T13:49:51.584Z", "user": 2, "content_type": 14, "object_id": "72", "object_repr": "KHS SIXFIFTY 600+ 2018", "action_flag": 2, "change_message": "[{\"changed\": {\"fields\": [\"Image url\", \"Image\"]}}]"}}, {"model": "admin.logentry", "pk": 129, "fields": {"action_time": "2022-05-06T13:50:19.502Z", "user": 2, "content_type": 14, "object_id": "72", "object_repr": "KHS SIXFIFTY 600+ 2018", "action_flag": 2, "change_message": "[{\"changed\": {\"fields\": [\"Image\"]}}]"}}, {"model": "admin.logentry", "pk": 130, "fields": {"action_time": "2022-05-06T13:51:47.309Z", "user": 2, "content_type": 14, "object_id": "68", "object_repr": "KHS Aguila 2019", "action_flag": 2, "change_message": "[{\"changed\": {\"fields\": [\"Image url\", \"Image\"]}}]"}}, {"model": "admin.logentry", "pk": 131, "fields": {"action_time": "2022-05-06T13:52:19.189Z", "user": 2, "content_type": 14, "object_id": "68", "object_repr": "KHS Aguila 2019", "action_flag": 2, "change_message": "[{\"changed\": {\"fields\": [\"Image\"]}}]"}}, {"model": "admin.logentry", "pk": 132, "fields": {"action_time": "2022-05-06T13:54:13.445Z", "user": 2, "content_type": 14, "object_id": "67", "object_repr": "KHS SIXFIFTY 500+  Women 2017", "action_flag": 2, "change_message": "[{\"changed\": {\"fields\": [\"Image url\", \"Image\"]}}]"}}, {"model": "admin.logentry", "pk": 133, "fields": {"action_time": "2022-05-06T13:54:44.562Z", "user": 2, "content_type": 14, "object_id": "67", "object_repr": "KHS SIXFIFTY 500+  Women 2017", "action_flag": 2, "change_message": "[{\"changed\": {\"fields\": [\"Image\"]}}]"}}, {"model": "admin.logentry", "pk": 134, "fields": {"action_time": "2022-05-06T13:56:10.849Z", "user": 2, "content_type": 14, "object_id": "66", "object_repr": "KHS SIXFIFTY 500+ Women 2019", "action_flag": 2, "change_message": "[{\"changed\": {\"fields\": [\"Image url\", \"Image\"]}}]"}}, {"model": "admin.logentry", "pk": 135, "fields": {"action_time": "2022-05-06T13:56:48.355Z", "user": 2, "content_type": 14, "object_id": "66", "object_repr": "KHS SIXFIFTY 500+ Women 2019", "action_flag": 2, "change_message": "[{\"changed\": {\"fields\": [\"Image\"]}}]"}}, {"model": "admin.logentry", "pk": 136, "fields": {"action_time": "2022-05-06T13:58:23.484Z", "user": 2, "content_type": 14, "object_id": "65", "object_repr": "KHS SIXFIFTY 500+ 2019", "action_flag": 2, "change_message": "[{\"changed\": {\"fields\": [\"Image url\", \"Image\"]}}]"}}, {"model": "admin.logentry", "pk": 137, "fields": {"action_time": "2022-05-06T13:58:51.628Z", "user": 2, "content_type": 14, "object_id": "65", "object_repr": "KHS SIXFIFTY 500+ 2019", "action_flag": 2, "change_message": "[{\"changed\": {\"fields\": [\"Image\"]}}]"}}, {"model": "admin.logentry", "pk": 138, "fields": {"action_time": "2022-05-06T14:00:12.372Z", "user": 2, "content_type": 14, "object_id": "64", "object_repr": "KHS Tucson 2019", "action_flag": 2, "change_message": "[{\"changed\": {\"fields\": [\"Image url\", \"Image\"]}}]"}}, {"model": "admin.logentry", "pk": 139, "fields": {"action_time": "2022-05-06T14:00:43.805Z", "user": 2, "content_type": 14, "object_id": "64", "object_repr": "KHS Tucson 2019", "action_flag": 2, "change_message": "[{\"changed\": {\"fields\": [\"Image\"]}}]"}}, {"model": "admin.logentry", "pk": 140, "fields": {"action_time": "2022-05-06T14:02:22.387Z", "user": 2, "content_type": 14, "object_id": "63", "object_repr": "KHS Tempe 2019", "action_flag": 2, "change_message": "[{\"changed\": {\"fields\": [\"Image url\", \"Image\"]}}]"}}, {"model": "admin.logentry", "pk": 141, "fields": {"action_time": "2022-05-06T14:02:58.126Z", "user": 2, "content_type": 14, "object_id": "63", "object_repr": "KHS Tempe 2019", "action_flag": 2, "change_message": "[{\"changed\": {\"fields\": [\"Image\"]}}]"}}, {"model": "admin.logentry", "pk": 142, "fields": {"action_time": "2022-05-06T14:04:45.332Z", "user": 2, "content_type": 14, "object_id": "61", "object_repr": "KHS SIXFIFTY 300 Women 2019", "action_flag": 2, "change_message": "[{\"changed\": {\"fields\": [\"Image url\", \"Image\"]}}]"}}, {"model": "admin.logentry", "pk": 143, "fields": {"action_time": "2022-05-06T14:05:11.520Z", "user": 2, "content_type": 14, "object_id": "61", "object_repr": "KHS SIXFIFTY 300 Women 2019", "action_flag": 2, "change_message": "[{\"changed\": {\"fields\": [\"Image\"]}}]"}}, {"model": "admin.logentry", "pk": 144, "fields": {"action_time": "2022-05-06T14:06:59.638Z", "user": 2, "content_type": 14, "object_id": "60", "object_repr": "KHS SIXFIFTY 300 2019", "action_flag": 2, "change_message": "[{\"changed\": {\"fields\": [\"Image url\", \"Image\"]}}]"}}, {"model": "admin.logentry", "pk": 145, "fields": {"action_time": "2022-05-06T14:07:41.951Z", "user": 2, "content_type": 14, "object_id": "60", "object_repr": "KHS SIXFIFTY 300 2019", "action_flag": 2, "change_message": "[{\"changed\": {\"fields\": [\"Image\"]}}]"}}, {"model": "admin.logentry", "pk": 146, "fields": {"action_time": "2022-05-06T14:09:06.488Z", "user": 2, "content_type": 14, "object_id": "59", "object_repr": "KHS Winslow 2019", "action_flag": 2, "change_message": "[{\"changed\": {\"fields\": [\"Image url\", \"Image\"]}}]"}}, {"model": "admin.logentry", "pk": 147, "fields": {"action_time": "2022-05-06T14:09:37.244Z", "user": 2, "content_type": 14, "object_id": "59", "object_repr": "KHS Winslow 2019", "action_flag": 2, "change_message": "[{\"changed\": {\"fields\": [\"Image\"]}}]"}}, {"model": "admin.logentry", "pk": 148, "fields": {"action_time": "2022-05-06T14:10:59.556Z", "user": 2, "content_type": 14, "object_id": "58", "object_repr": "KHS SIXFIFTY 300 Women 2018", "action_flag": 2, "change_message": "[{\"changed\": {\"fields\": [\"Image url\", \"Image\"]}}]"}}, {"model": "admin.logentry", "pk": 149, "fields": {"action_time": "2022-05-06T14:11:27.977Z", "user": 2, "content_type": 14, "object_id": "58", "object_repr": "KHS SIXFIFTY 300 Women 2018", "action_flag": 2, "change_message": "[{\"changed\": {\"fields\": [\"Image\"]}}]"}}, {"model": "admin.logentry", "pk": 150, "fields": {"action_time": "2022-05-06T14:13:25.760Z", "user": 2, "content_type": 14, "object_id": "57", "object_repr": "KHS Alite 600+ Women 2018", "action_flag": 2, "change_message": "[{\"changed\": {\"fields\": [\"Image url\", \"Image\"]}}]"}}, {"model": "admin.logentry", "pk": 151, "fields": {"action_time": "2022-05-06T14:14:11.000Z", "user": 2, "content_type": 14, "object_id": "57", "object_repr": "KHS Alite 600+ Women 2018", "action_flag": 2, "change_message": "[{\"changed\": {\"fields\": [\"Image\"]}}]"}}, {"model": "admin.logentry", "pk": 152, "fields": {"action_time": "2022-05-06T14:15:33.161Z", "user": 2, "content_type": 14, "object_id": "56", "object_repr": "KHS Alite 500+ 2018", "action_flag": 2, "change_message": "[{\"changed\": {\"fields\": [\"Image url\", \"Image\"]}}]"}}, {"model": "admin.logentry", "pk": 153, "fields": {"action_time": "2022-05-06T14:16:47.391Z", "user": 2, "content_type": 14, "object_id": "56", "object_repr": "KHS Alite 500+ 2018", "action_flag": 2, "change_message": "[{\"changed\": {\"fields\": [\"Image\"]}}]"}}, {"model": "admin.logentry", "pk": 154, "fields": {"action_time": "2022-05-06T14:18:20.402Z", "user": 2, "content_type": 14, "object_id": "55", "object_repr": "KHS SIXFIFTY 800   2016", "action_flag": 2, "change_message": "[{\"changed\": {\"fields\": [\"Image url\", \"Image\"]}}]"}}, {"model": "admin.logentry", "pk": 155, "fields": {"action_time": "2022-05-06T14:18:50.825Z", "user": 2, "content_type": 14, "object_id": "55", "object_repr": "KHS SIXFIFTY 800   2016", "action_flag": 2, "change_message": "[{\"changed\": {\"fields\": [\"Image\"]}}]"}}, {"model": "admin.logentry", "pk": 156, "fields": {"action_time": "2022-05-06T14:20:07.732Z", "user": 2, "content_type": 14, "object_id": "54", "object_repr": "KHS Zaca 2019", "action_flag": 2, "change_message": "[{\"changed\": {\"fields\": [\"Image url\", \"Image\"]}}]"}}, {"model": "admin.logentry", "pk": 157, "fields": {"action_time": "2022-05-06T14:20:42.920Z", "user": 2, "content_type": 14, "object_id": "54", "object_repr": "KHS Zaca 2019", "action_flag": 2, "change_message": "[{\"changed\": {\"fields\": [\"Image\"]}}]"}}, {"model": "admin.logentry", "pk": 158, "fields": {"action_time": "2022-05-06T14:22:10.799Z", "user": 2, "content_type": 14, "object_id": "52", "object_repr": "Bulls Urban Evo 2018", "action_flag": 2, "change_message": "[{\"changed\": {\"fields\": [\"Image url\", \"Image\"]}}]"}}, {"model": "admin.logentry", "pk": 159, "fields": {"action_time": "2022-05-06T14:22:48.320Z", "user": 2, "content_type": 14, "object_id": "52", "object_repr": "Bulls Urban Evo 2018", "action_flag": 2, "change_message": "[{\"changed\": {\"fields\": [\"Image\"]}}]"}}, {"model": "admin.logentry", "pk": 160, "fields": {"action_time": "2022-05-06T14:24:34.095Z", "user": 2, "content_type": 14, "object_id": "50", "object_repr": "KHS Ultrasport 1.0 21 Spd 2014", "action_flag": 2, "change_message": "[{\"changed\": {\"fields\": [\"Image url\", \"Image\"]}}]"}}, {"model": "admin.logentry", "pk": 161, "fields": {"action_time": "2022-05-06T14:24:59.297Z", "user": 2, "content_type": 14, "object_id": "50", "object_repr": "KHS Ultrasport 1.0 21 Spd 2014", "action_flag": 2, "change_message": "[{\"changed\": {\"fields\": [\"Image\"]}}]"}}, {"model": "admin.logentry", "pk": 162, "fields": {"action_time": "2022-05-06T14:26:31.485Z", "user": 2, "content_type": 14, "object_id": "49", "object_repr": "KHS SIXFIFTY 680+ 2017", "action_flag": 2, "change_message": "[{\"changed\": {\"fields\": [\"Image url\", \"Image\"]}}]"}}, {"model": "admin.logentry", "pk": 163, "fields": {"action_time": "2022-05-06T14:27:09.915Z", "user": 2, "content_type": 14, "object_id": "49", "object_repr": "KHS SIXFIFTY 680+ 2017", "action_flag": 2, "change_message": "[{\"changed\": {\"fields\": [\"Image\"]}}]"}}, {"model": "admin.logentry", "pk": 164, "fields": {"action_time": "2022-05-06T14:28:57.228Z", "user": 2, "content_type": 14, "object_id": "47", "object_repr": "Jamis Hijack A1 2019", "action_flag": 2, "change_message": "[{\"changed\": {\"fields\": [\"Image url\", \"Image\"]}}]"}}, {"model": "admin.logentry", "pk": 165, "fields": {"action_time": "2022-05-06T14:29:25.357Z", "user": 2, "content_type": 14, "object_id": "47", "object_repr": "Jamis Hijack A1 2019", "action_flag": 2, "change_message": "[{\"changed\": {\"fields\": [\"Image\"]}}]"}}, {"model": "admin.logentry", "pk": 166, "fields": {"action_time": "2022-05-06T14:31:12.832Z", "user": 2, "content_type": 14, "object_id": "46", "object_repr": "Kona Big Honzo CR 2019", "action_flag": 2, "change_message": "[{\"changed\": {\"fields\": [\"Image url\", \"Image\"]}}]"}}, {"model": "admin.logentry", "pk": 167, "fields": {"action_time": "2022-05-06T14:31:34.076Z", "user": 2, "content_type": 14, "object_id": "46", "object_repr": "Kona Big Honzo CR 2019", "action_flag": 2, "change_message": "[{\"changed\": {\"fields\": [\"Image\"]}}]"}}, {"model": "admin.logentry", "pk": 168, "fields": {"action_time": "2022-05-06T14:34:00.920Z", "user": 2, "content_type": 14, "object_id": "45", "object_repr": "Jamis Highpoint A1 2019", "action_flag": 2, "change_message": "[{\"changed\": {\"fields\": [\"Image url\", \"Image\"]}}]"}}, {"model": "admin.logentry", "pk": 169, "fields": {"action_time": "2022-05-06T14:34:24.482Z", "user": 2, "content_type": 14, "object_id": "45", "object_repr": "Jamis Highpoint A1 2019", "action_flag": 2, "change_message": "[{\"changed\": {\"fields\": [\"Image\"]}}]"}}, {"model": "admin.logentry", "pk": 170, "fields": {"action_time": "2022-05-06T14:36:21.885Z", "user": 2, "content_type": 14, "object_id": "42", "object_repr": "Trek Procaliber 6 2018", "action_flag": 2, "change_message": "[{\"changed\": {\"fields\": [\"Image url\", \"Image\"]}}]"}}, {"model": "admin.logentry", "pk": 171, "fields": {"action_time": "2022-05-06T14:36:46.161Z", "user": 2, "content_type": 14, "object_id": "42", "object_repr": "Trek Procaliber 6 2018", "action_flag": 2, "change_message": "[{\"changed\": {\"fields\": [\"Image\"]}}]"}}, {"model": "admin.logentry", "pk": 172, "fields": {"action_time": "2022-05-06T14:38:36.400Z", "user": 2, "content_type": 14, "object_id": "40", "object_repr": "Cannondale Foray 3 2016", "action_flag": 2, "change_message": "[{\"changed\": {\"fields\": [\"Image url\", \"Image\"]}}]"}}, {"model": "admin.logentry", "pk": 173, "fields": {"action_time": "2022-05-06T14:39:03.727Z", "user": 2, "content_type": 14, "object_id": "40", "object_repr": "Cannondale Foray 3 2016", "action_flag": 2, "change_message": "[{\"changed\": {\"fields\": [\"Image\"]}}]"}}, {"model": "admin.logentry", "pk": 174, "fields": {"action_time": "2022-05-06T14:40:48.470Z", "user": 2, "content_type": 14, "object_id": "39", "object_repr": "Specialized Rockhopper 29 2018", "action_flag": 2, "change_message": "[{\"changed\": {\"fields\": [\"Image url\", \"Image\"]}}]"}}, {"model": "admin.logentry", "pk": 175, "fields": {"action_time": "2022-05-06T14:41:18.338Z", "user": 2, "content_type": 14, "object_id": "39", "object_repr": "Specialized Rockhopper 29 2018", "action_flag": 2, "change_message": "[{\"changed\": {\"fields\": [\"Image\"]}}]"}}, {"model": "admin.logentry", "pk": 176, "fields": {"action_time": "2022-05-06T14:42:31.991Z", "user": 2, "content_type": 14, "object_id": "36", "object_repr": "Scott Scale RC900 Wld Cup 2019", "action_flag": 2, "change_message": "[{\"changed\": {\"fields\": [\"Image url\", \"Image\"]}}]"}}, {"model": "admin.logentry", "pk": 177, "fields": {"action_time": "2022-05-06T14:43:07.368Z", "user": 2, "content_type": 14, "object_id": "36", "object_repr": "Scott Scale RC900 Wld Cup 2019", "action_flag": 2, "change_message": "[{\"changed\": {\"fields\": [\"Image\"]}}]"}}, {"model": "admin.logentry", "pk": 178, "fields": {"action_time": "2022-05-06T14:43:54.513Z", "user": 2, "content_type": 14, "object_id": "32", "object_repr": "Trek Roscoe 6 2019", "action_flag": 2, "change_message": "[{\"changed\": {\"fields\": [\"Image url\", \"Image\"]}}]"}}, {"model": "admin.logentry", "pk": 179, "fields": {"action_time": "2022-05-06T14:44:26.018Z", "user": 2, "content_type": 14, "object_id": "32", "object_repr": "Trek Roscoe 6 2019", "action_flag": 2, "change_message": "[{\"changed\": {\"fields\": [\"Image\"]}}]"}}, {"model": "admin.logentry", "pk": 180, "fields": {"action_time": "2022-05-06T14:45:34.113Z", "user": 2, "content_type": 14, "object_id": "31", "object_repr": "Salsa Timberjack SLX 2019", "action_flag": 2, "change_message": "[{\"changed\": {\"fields\": [\"Image url\", \"Image\"]}}]"}}, {"model": "admin.logentry", "pk": 181, "fields": {"action_time": "2022-05-06T14:46:02.857Z", "user": 2, "content_type": 14, "object_id": "31", "object_repr": "Salsa Timberjack SLX 2019", "action_flag": 2, "change_message": "[{\"changed\": {\"fields\": [\"Image\"]}}]"}}, {"model": "admin.logentry", "pk": 182, "fields": {"action_time": "2022-05-06T14:46:59.939Z", "user": 2, "content_type": 14, "object_id": "30", "object_repr": "Kona Big Honzo ST 2019", "action_flag": 2, "change_message": "[{\"changed\": {\"fields\": [\"Image url\", \"Image\"]}}]"}}, {"model": "admin.logentry", "pk": 183, "fields": {"action_time": "2022-05-06T14:47:27.420Z", "user": 2, "content_type": 14, "object_id": "30", "object_repr": "Kona Big Honzo ST 2019", "action_flag": 2, "change_message": "[{\"changed\": {\"fields\": [\"Image\"]}}]"}}, {"model": "admin.logentry", "pk": 184, "fields": {"action_time": "2022-05-06T14:49:06.178Z", "user": 2, "content_type": 14, "object_id": "28", "object_repr": "Salsa Timberjack Deore 2019", "action_flag": 2, "change_message": "[{\"changed\": {\"fields\": [\"Image url\", \"Image\"]}}]"}}, {"model": "admin.logentry", "pk": 185, "fields": {"action_time": "2022-05-06T14:49:33.766Z", "user": 2, "content_type": 14, "object_id": "28", "object_repr": "Salsa Timberjack Deore 2019", "action_flag": 2, "change_message": "[{\"changed\": {\"fields\": [\"Image\"]}}]"}}, {"model": "admin.logentry", "pk": 186, "fields": {"action_time": "2022-05-06T14:51:14.346Z", "user": 2, "content_type": 14, "object_id": "25", "object_repr": "Trek Procaliber 9.6", "action_flag": 2, "change_message": "[{\"changed\": {\"fields\": [\"Image url\", \"Image\"]}}]"}}, {"model": "admin.logentry", "pk": 187, "fields": {"action_time": "2022-05-06T14:51:34.143Z", "user": 2, "content_type": 14, "object_id": "25", "object_repr": "Trek Procaliber 9.6", "action_flag": 2, "change_message": "[{\"changed\": {\"fields\": [\"Image\"]}}]"}}, {"model": "admin.logentry", "pk": 188, "fields": {"action_time": "2022-05-06T14:53:34.503Z", "user": 2, "content_type": 14, "object_id": "24", "object_repr": "Jamis Dragonslayer S1 2019", "action_flag": 2, "change_message": "[{\"changed\": {\"fields\": [\"Image url\", \"Image\"]}}]"}}, {"model": "admin.logentry", "pk": 189, "fields": {"action_time": "2022-05-06T14:53:56.265Z", "user": 2, "content_type": 14, "object_id": "24", "object_repr": "Jamis Dragonslayer S1 2019", "action_flag": 2, "change_message": "[{\"changed\": {\"fields\": [\"Image\"]}}]"}}, {"model": "admin.logentry", "pk": 190, "fields": {"action_time": "2022-05-06T14:55:32.654Z", "user": 2, "content_type": 14, "object_id": "10", "object_repr": "Cannondale HM Wld Cup 2019", "action_flag": 2, "change_message": "[{\"changed\": {\"fields\": [\"Image url\", \"Image\"]}}]"}}, {"model": "admin.logentry", "pk": 191, "fields": {"action_time": "2022-05-06T14:56:02.611Z", "user": 2, "content_type": 14, "object_id": "10", "object_repr": "Cannondale HM Wld Cup 2019", "action_flag": 2, "change_message": "[{\"changed\": {\"fields\": [\"Image\"]}}]"}}, {"model": "admin.logentry", "pk": 192, "fields": {"action_time": "2022-05-06T14:57:27.815Z", "user": 2, "content_type": 14, "object_id": "6", "object_repr": "Haro FLC 29 Pro 2017", "action_flag": 2, "change_message": "[{\"changed\": {\"fields\": [\"Image url\", \"Image\"]}}]"}}, {"model": "admin.logentry", "pk": 193, "fields": {"action_time": "2022-05-06T14:57:46.471Z", "user": 2, "content_type": 14, "object_id": "6", "object_repr": "Haro FLC 29 Pro 2017", "action_flag": 2, "change_message": "[{\"changed\": {\"fields\": [\"Image\"]}}]"}}, {"model": "admin.logentry", "pk": 194, "fields": {"action_time": "2022-05-06T14:59:19.367Z", "user": 2, "content_type": 14, "object_id": "2", "object_repr": "Giant Anthem SX 27.5 2016", "action_flag": 2, "change_message": "[{\"changed\": {\"fields\": [\"Image url\", \"Image\"]}}]"}}, {"model": "admin.logentry", "pk": 195, "fields": {"action_time": "2022-05-06T14:59:38.178Z", "user": 2, "content_type": 14, "object_id": "2", "object_repr": "Giant Anthem SX 27.5 2016", "action_flag": 2, "change_message": "[{\"changed\": {\"fields\": [\"Image\"]}}]"}}, {"model": "admin.logentry", "pk": 196, "fields": {"action_time": "2022-05-11T11:04:24.883Z", "user": 2, "content_type": 14, "object_id": "92", "object_repr": "TEST", "action_flag": 2, "change_message": "[{\"changed\": {\"fields\": [\"Image\"]}}]"}}, {"model": "admin.logentry", "pk": 197, "fields": {"action_time": "2022-05-14T11:45:12.648Z", "user": 2, "content_type": 4, "object_id": "4", "object_repr": "account_user", "action_flag": 3, "change_message": ""}}, {"model": "auth.permission", "pk": 1, "fields": {"name": "Can add log entry", "content_type": 1, "codename": "add_logentry"}}, {"model": "auth.permission", "pk": 2, "fields": {"name": "Can change log entry", "content_type": 1, "codename": "change_logentry"}}, {"model": "auth.permission", "pk": 3, "fields": {"name": "Can delete log entry", "content_type": 1, "codename": "delete_logentry"}}, {"model": "auth.permission", "pk": 4, "fields": {"name": "Can view log entry", "content_type": 1, "codename": "view_logentry"}}, {"model": "auth.permission", "pk": 5, "fields": {"name": "Can add permission", "content_type": 2, "codename": "add_permission"}}, {"model": "auth.permission", "pk": 6, "fields": {"name": "Can change permission", "content_type": 2, "codename": "change_permission"}}, {"model": "auth.permission", "pk": 7, "fields": {"name": "Can delete permission", "content_type": 2, "codename": "delete_permission"}}, {"model": "auth.permission", "pk": 8, "fields": {"name": "Can view permission", "content_type": 2, "codename": "view_permission"}}, {"model": "auth.permission", "pk": 9, "fields": {"name": "Can add group", "content_type": 3, "codename": "add_group"}}, {"model": "auth.permission", "pk": 10, "fields": {"name": "Can change group", "content_type": 3, "codename": "change_group"}}, {"model": "auth.permission", "pk": 11, "fields": {"name": "Can delete group", "content_type": 3, "codename": "delete_group"}}, {"model": "auth.permission", "pk": 12, "fields": {"name": "Can view group", "content_type": 3, "codename": "view_group"}}, {"model": "auth.permission", "pk": 13, "fields": {"name": "Can add user", "content_type": 4, "codename": "add_user"}}, {"model": "auth.permission", "pk": 14, "fields": {"name": "Can change user", "content_type": 4, "codename": "change_user"}}, {"model": "auth.permission", "pk": 15, "fields": {"name": "Can delete user", "content_type": 4, "codename": "delete_user"}}, {"model": "auth.permission", "pk": 16, "fields": {"name": "Can view user", "content_type": 4, "codename": "view_user"}}, {"model": "auth.permission", "pk": 17, "fields": {"name": "Can add content type", "content_type": 5, "codename": "add_contenttype"}}, {"model": "auth.permission", "pk": 18, "fields": {"name": "Can change content type", "content_type": 5, "codename": "change_contenttype"}}, {"model": "auth.permission", "pk": 19, "fields": {"name": "Can delete content type", "content_type": 5, "codename": "delete_contenttype"}}, {"model": "auth.permission", "pk": 20, "fields": {"name": "Can view content type", "content_type": 5, "codename": "view_contenttype"}}, {"model": "auth.permission", "pk": 21, "fields": {"name": "Can add session", "content_type": 6, "codename": "add_session"}}, {"model": "auth.permission", "pk": 22, "fields": {"name": "Can change session", "content_type": 6, "codename": "change_session"}}, {"model": "auth.permission", "pk": 23, "fields": {"name": "Can delete session", "content_type": 6, "codename": "delete_session"}}, {"model": "auth.permission", "pk": 24, "fields": {"name": "Can view session", "content_type": 6, "codename": "view_session"}}, {"model": "auth.permission", "pk": 25, "fields": {"name": "Can add site", "content_type": 7, "codename": "add_site"}}, {"model": "auth.permission", "pk": 26, "fields": {"name": "Can change site", "content_type": 7, "codename": "change_site"}}, {"model": "auth.permission", "pk": 27, "fields": {"name": "Can delete site", "content_type": 7, "codename": "delete_site"}}, {"model": "auth.permission", "pk": 28, "fields": {"name": "Can view site", "content_type": 7, "codename": "view_site"}}, {"model": "auth.permission", "pk": 29, "fields": {"name": "Can add email address", "content_type": 8, "codename": "add_emailaddress"}}, {"model": "auth.permission", "pk": 30, "fields": {"name": "Can change email address", "content_type": 8, "codename": "change_emailaddress"}}, {"model": "auth.permission", "pk": 31, "fields": {"name": "Can delete email address", "content_type": 8, "codename": "delete_emailaddress"}}, {"model": "auth.permission", "pk": 32, "fields": {"name": "Can view email address", "content_type": 8, "codename": "view_emailaddress"}}, {"model": "auth.permission", "pk": 33, "fields": {"name": "Can add email confirmation", "content_type": 9, "codename": "add_emailconfirmation"}}, {"model": "auth.permission", "pk": 34, "fields": {"name": "Can change email confirmation", "content_type": 9, "codename": "change_emailconfirmation"}}, {"model": "auth.permission", "pk": 35, "fields": {"name": "Can delete email confirmation", "content_type": 9, "codename": "delete_emailconfirmation"}}, {"model": "auth.permission", "pk": 36, "fields": {"name": "Can view email confirmation", "content_type": 9, "codename": "view_emailconfirmation"}}, {"model": "auth.permission", "pk": 37, "fields": {"name": "Can add social account", "content_type": 10, "codename": "add_socialaccount"}}, {"model": "auth.permission", "pk": 38, "fields": {"name": "Can change social account", "content_type": 10, "codename": "change_socialaccount"}}, {"model": "auth.permission", "pk": 39, "fields": {"name": "Can delete social account", "content_type": 10, "codename": "delete_socialaccount"}}, {"model": "auth.permission", "pk": 40, "fields": {"name": "Can view social account", "content_type": 10, "codename": "view_socialaccount"}}, {"model": "auth.permission", "pk": 41, "fields": {"name": "Can add social application", "content_type": 11, "codename": "add_socialapp"}}, {"model": "auth.permission", "pk": 42, "fields": {"name": "Can change social application", "content_type": 11, "codename": "change_socialapp"}}, {"model": "auth.permission", "pk": 43, "fields": {"name": "Can delete social application", "content_type": 11, "codename": "delete_socialapp"}}, {"model": "auth.permission", "pk": 44, "fields": {"name": "Can view social application", "content_type": 11, "codename": "view_socialapp"}}, {"model": "auth.permission", "pk": 45, "fields": {"name": "Can add social application token", "content_type": 12, "codename": "add_socialtoken"}}, {"model": "auth.permission", "pk": 46, "fields": {"name": "Can change social application token", "content_type": 12, "codename": "change_socialtoken"}}, {"model": "auth.permission", "pk": 47, "fields": {"name": "Can delete social application token", "content_type": 12, "codename": "delete_socialtoken"}}, {"model": "auth.permission", "pk": 48, "fields": {"name": "Can view social application token", "content_type": 12, "codename": "view_socialtoken"}}, {"model": "auth.permission", "pk": 49, "fields": {"name": "Can add classification", "content_type": 13, "codename": "add_classification"}}, {"model": "auth.permission", "pk": 50, "fields": {"name": "Can change classification", "content_type": 13, "codename": "change_classification"}}, {"model": "auth.permission", "pk": 51, "fields": {"name": "Can delete classification", "content_type": 13, "codename": "delete_classification"}}, {"model": "auth.permission", "pk": 52, "fields": {"name": "Can view classification", "content_type": 13, "codename": "view_classification"}}, {"model": "auth.permission", "pk": 53, "fields": {"name": "Can add product", "content_type": 14, "codename": "add_product"}}, {"model": "auth.permission", "pk": 54, "fields": {"name": "Can change product", "content_type": 14, "codename": "change_product"}}, {"model": "auth.permission", "pk": 55, "fields": {"name": "Can delete product", "content_type": 14, "codename": "delete_product"}}, {"model": "auth.permission", "pk": 56, "fields": {"name": "Can view product", "content_type": 14, "codename": "view_product"}}, {"model": "auth.permission", "pk": 57, "fields": {"name": "Can add order", "content_type": 15, "codename": "add_order"}}, {"model": "auth.permission", "pk": 58, "fields": {"name": "Can change order", "content_type": 15, "codename": "change_order"}}, {"model": "auth.permission", "pk": 59, "fields": {"name": "Can delete order", "content_type": 15, "codename": "delete_order"}}, {"model": "auth.permission", "pk": 60, "fields": {"name": "Can view order", "content_type": 15, "codename": "view_order"}}, {"model": "auth.permission", "pk": 61, "fields": {"name": "Can add order line item", "content_type": 16, "codename": "add_orderlineitem"}}, {"model": "auth.permission", "pk": 62, "fields": {"name": "Can change order line item", "content_type": 16, "codename": "change_orderlineitem"}}, {"model": "auth.permission", "pk": 63, "fields": {"name": "Can delete order line item", "content_type": 16, "codename": "delete_orderlineitem"}}, {"model": "auth.permission", "pk": 64, "fields": {"name": "Can view order line item", "content_type": 16, "codename": "view_orderlineitem"}}, {"model": "auth.permission", "pk": 65, "fields": {"name": "Can add user profile", "content_type": 17, "codename": "add_userprofile"}}, {"model": "auth.permission", "pk": 66, "fields": {"name": "Can change user profile", "content_type": 17, "codename": "change_userprofile"}}, {"model": "auth.permission", "pk": 67, "fields": {"name": "Can delete user profile", "content_type": 17, "codename": "delete_userprofile"}}, {"model": "auth.permission", "pk": 68, "fields": {"name": "Can view user profile", "content_type": 17, "codename": "view_userprofile"}}, {"model": "auth.user", "pk": 1, "fields": {"password": "pbkdf2_sha256$260000$kRyFUmor897hPQT586lPOL$dr5xTuPLSGkpzY6taRM5CqhQy1N47d+okwTXkZjAPTg=", "last_login": null, "is_superuser": true, "username": "superuser", "first_name": "", "last_name": "", "email": "test@example.com", "is_staff": true, "is_active": true, "date_joined": "2022-04-19T10:29:54.994Z", "groups": [], "user_permissions": []}}, {"model": "auth.user", "pk": 2, "fields": {"password": "pbkdf2_sha256$260000$Fs0d0GzV9bZ2zRrF8j2mV9$dDJ5XSogepFkXofCv9V/45XRtwuAcgCaGl96ihFyV7c=", "last_login": "2022-05-15T17:24:06.678Z", "is_superuser": true, "username": "admin", "first_name": "", "last_name": "", "email": "test@example.com", "is_staff": true, "is_active": true, "date_joined": "2022-04-24T11:17:45.805Z", "groups": [], "user_permissions": []}}, {"model": "auth.user", "pk": 3, "fields": {"password": "pbkdf2_sha256$260000$VAcwTRL1BdfghNXIUs3TnF$hnlwE4a1vWXmUNsxO3UYFp5nhhHGD2VcfkPrS0KlW+U=", "last_login": "2022-04-25T10:47:53.388Z", "is_superuser": false, "username": "Marty", "first_name": "", "last_name": "", "email": "didehed349@topyte.com", "is_staff": false, "is_active": true, "date_joined": "2022-04-25T10:43:40.797Z", "groups": [], "user_permissions": []}}, {"model": "auth.user", "pk": 5, "fields": {"password": "pbkdf2_sha256$260000$dYHxJy2fCULNcvtNDXSfip$oUAkUc4zH+rQfHJhWx72OnEOzmVhXVu3FxT/G+xnmIA=", "last_login": null, "is_superuser": false, "username": "registereduser", "first_name": "", "last_name": "", "email": "colette_f_thomson@yahoo.co.uk", "is_staff": false, "is_active": true, "date_joined": "2022-05-15T17:52:42.741Z", "groups": [], "user_permissions": []}}, {"model": "contenttypes.contenttype", "pk": 1, "fields": {"app_label": "admin", "model": "logentry"}}, {"model": "contenttypes.contenttype", "pk": 2, "fields": {"app_label": "auth", "model": "permission"}}, {"model": "contenttypes.contenttype", "pk": 3, "fields": {"app_label": "auth", "model": "group"}}, {"model": "contenttypes.contenttype", "pk": 4, "fields": {"app_label": "auth", "model": "user"}}, {"model": "contenttypes.contenttype", "pk": 5, "fields": {"app_label": "contenttypes", "model": "contenttype"}}, {"model": "contenttypes.contenttype", "pk": 6, "fields": {"app_label": "sessions", "model": "session"}}, {"model": "contenttypes.contenttype", "pk": 7, "fields": {"app_label": "sites", "model": "site"}}, {"model": "contenttypes.contenttype", "pk": 8, "fields": {"app_label": "account", "model": "emailaddress"}}, {"model": "contenttypes.contenttype", "pk": 9, "fields": {"app_label": "account", "model": "emailconfirmation"}}, {"model": "contenttypes.contenttype", "pk": 10, "fields": {"app_label": "socialaccount", "model": "socialaccount"}}, {"model": "contenttypes.contenttype", "pk": 11, "fields": {"app_label": "socialaccount", "model": "socialapp"}}, {"model": "contenttypes.contenttype", "pk": 12, "fields": {"app_label": "socialaccount", "model": "socialtoken"}}, {"model": "contenttypes.contenttype", "pk": 13, "fields": {"app_label": "products", "model": "classification"}}, {"model": "contenttypes.contenttype", "pk": 14, "fields": {"app_label": "products", "model": "product"}}, {"model": "contenttypes.contenttype", "pk": 15, "fields": {"app_label": "checkout", "model": "order"}}, {"model": "contenttypes.contenttype", "pk": 16, "fields": {"app_label": "checkout", "model": "orderlineitem"}}, {"model": "contenttypes.contenttype", "pk": 17, "fields": {"app_label": "profiles", "model": "userprofile"}}, {"model": "sessions.session", "pk": "3wp3a69d3ur4rlipsoeekdfx8ac5ijkn", "fields": {"session_data": "eyJiYWciOnsiNDEiOnsiaXRlbXNfYnlfc2l6ZSI6eyJtIjoxfX19fQ:1nkOYC:js03zEHgdifjy6YCL3BT9zASc0VFejvQO6mZY3-dbIs", "expire_date": "2022-05-13T11:12:40.121Z"}}, {"model": "sessions.session", "pk": "4d5ugmgwat8g2n32esr76hqvitdfk8er", "fields": {"session_data": ".eJxVjDkOgzAURO_y6wjZxitl-pzB-l4AJwEkDEWCfPfEEg3NFG_ezAEOB-gOYKxm2uKUrfvYnL6xggk6Wkq5gcV9G-2e42pTgA4YXJhD_4pzLcIT52Fp_DJva3JNVZqzzc1jCfF9P93LwYh5_K-N5EFE13Lhe9QKW0eEkoJoNJr6QLnzFImKggRJiG-VYVFI1RsThCaBQ_kBSlVD-g:1nmB28:CVr9D4-0qgr2FDzSI65kz_A4ntyOth9Iv6KahILHFQ0", "expire_date": "2022-05-18T09:10:56.237Z"}}, {"model": "sessions.session", "pk": "4v4bte46zz4y1ilwsto9tt7hlm2nvmz1", "fields": {"session_data": ".eJxljEEOgjAQRe_SNWmKQKAs3XuGZqYzlWptDQWjMd5dMMTEuH3v_f8UYG2a42RuPHrnmQxfwAfRxzmE4mvnzKPoRSUKYWCehg8wnv4Zgj1zXAWdIB6TtClOo0e5JnKzWR4Scdhv7c_BAHlY1ggtO4AdotZlhVQ3bDviqu7aBQIpRc7ZrlSddhq00lWDGpemLglQwXqaOWefouH71Y8P0avXG9hIUho:1niwG1:J1UvO6NK6V3LwunBz29kjTFu0dVWMVQvpV_A68NYclw", "expire_date": "2022-05-09T10:47:53.476Z"}}, {"model": "sessions.session", "pk": "625sz07wxyqypg6k5pl2snt2zhldb0qq", "fields": {"session_data": "eyJiYWciOnsiNzgiOnsiaXRlbXNfYnlfc2l6ZSI6eyJtIjoyfX19fQ:1nma1I:JTnSmJ6rYDM6q4g8hHcfnFuNzAAFt5uK-zF9ypYxbog", "expire_date": "2022-05-19T11:51:44.072Z"}}, {"model": "sessions.session", "pk": "6eo6720ckv6q7gk7tdpt0e6l8h72koj4", "fields": {"session_data": ".eJxVjMsOgjAQRf-la9MM0CdL935DM-0MUjXFUEg0xn9XEjZs7znnfkSoXGueSuDXM89v0cNJBFyXMayV55BJ9KIVhy1iunPZAN2wXCeZprLMOcpNkTut8jIRP867ezgYsY7_2htFmmOndBrQWewiaGs0OPSuSdSomBoEyxrIAKTO-pa1sYP3pB2QEt8fAAs-iQ:1niuhi:JALBqvQFnoyXLdbZDO8NAaDsggcIKY_kUyBjKjAMbFE", "expire_date": "2022-05-09T09:08:22.295Z"}}, {"model": "sessions.session", "pk": "7filujmjca4oleywzr3391yi6zlqoqvd", "fields": {"session_data": ".eJx9jL2OwyAQhN9l68iCGIyhTH_PgBZYx-QHTl7ndLnI735BSpMmzRTzfTMPYPwhn8tUwU14YdpBwCO4BxjVMq90ZR_unvMfteIKTm7bDqT9gJ_c422d_Y1p8TmBgz28dQHjmUoD6YTlWLtYy7rk0DWle1Huvmqiy-Hlvh3MyPNzbQeVNIVe6TjhaLAPQptBixHtKGOSKkSJwpAWaRAi9sbuSQ9msjbpUSTVTpmYcy2efr_zcgcntn9myFvB:1nmxYN:UZu2wHKRMSCQ0bYDjCCf4xWPh4XbymT0QYFyGBU-beA", "expire_date": "2022-05-20T12:59:27.543Z"}}, {"model": "sessions.session", "pk": "9kiy5guvoiqchbar5xbnxc3cketvws9e", "fields": {"session_data": "eyJiYWciOnsiMzgiOnsiaXRlbXNfYnlfc2l6ZSI6eyJtIjoyfX19fQ:1nkO9R:XjmOOgXglFXskaBhprbdQqB78ep6xQ1SiVaSk6FwJ-k", "expire_date": "2022-05-13T10:47:05.490Z"}}, {"model": "sessions.session", "pk": "anr9v09kpw3x4u3eewdmh998y6jly4pe", "fields": {"session_data": "eyJzYXZlX2luZm8iOmZhbHNlfQ:1nqYVx:_j8jdOv5A0xNitO4M-MaxAUv8saYx1ftWWSCjSN5VK8", "expire_date": "2022-05-30T11:03:49.712Z"}}, {"model": "sessions.session", "pk": "bai548i2wulai9p32i33cqvgroo85qgl", "fields": {"session_data": ".eJyrVipOLEuNz8xLy1eySkvMKU7VUUpKTFeyqlYyNASRmSWpucXxSZXxxZlVqSCBihwlK6PaWh0lc2Os8rlKVoa1QAAAZOcedA:1nqZ4F:1oiwpKk9lpqieYzTEcPxMJrjUGhOKCJWbOgWoNfwgx4", "expire_date": "2022-05-30T11:39:15.255Z"}}, {"model": "sessions.session", "pk": "c2ykkm9ub8t5t7e53sy5ww4wkj07vzzo", "fields": {"session_data": ".eJxVjDkOgzAURO_y68gyeKdMnzNY3wvgLCBhkJIg3z2xREMzxZs3s4PDAbodmKqZ1vjK1n1sTt9YwTtD15ZSLmBxW0e75bjYFKCDFk7MoX_EqRbhjtMwEz9P65IcqQo52kxuc4jP6-GeDkbM439tJA8iOsaF71ErZI4KJQXVaHTjQ8Odb5CqKGiQlHqmTBuFVL0xQWgaOJQfslxEfw:1nkSp4:sHXEHWtwFgdnfYGgrBEDAn-A-Ac6kiZJve7vog6Shns", "expire_date": "2022-05-13T15:46:22.270Z"}}, {"model": "sessions.session", "pk": "cq0uhiizt3s6p7z4uj4wm82dfatk4dyq", "fields": {"session_data": "eyJiYWciOnsiOTIiOjQsIjgiOnsiaXRlbXNfYnlfc2l6ZSI6eyJtIjo2fX19fQ:1nmccy:ylzCWJRDszjpbL1-u1wC8DiT1gVWLs1wXPc8XsaXH-U", "expire_date": "2022-05-19T14:38:48.841Z"}}, {"model": "sessions.session", "pk": "dnkgzxnaxb5ivrpoe2vscad4hrn4hjdk", "fields": {"session_data": ".eJyrVkpKTFeyqlYyMgeRmSWpucXxSZXxxZlVqSCBHCUrQx2lXCUro9paHSULrGogsrW1AJw5GKs:1nmbET:Q_tR8vpG3j9ro4DHD0e45bWtg_uMC4ZtPG_1O38GAtw", "expire_date": "2022-05-19T13:09:25.399Z"}}, {"model": "sessions.session", "pk": "ds5w79xa8klo8bvqutbc7h6pulr0vbys", "fields": {"session_data": "eyJiYWciOnsiNjIiOnsiaXRlbXNfYnlfc2l6ZSI6eyJtIjozfX19fQ:1nizKQ:CZwquIUX0LBSmWdy4rs3tdCIGpS0hFEv9m3BiCBuS1c", "expire_date": "2022-05-09T14:04:38.700Z"}}, {"model": "sessions.session", "pk": "ewjy5czu0b2fb0wvahp2882jt5khbh3c", "fields": {"session_data": "eyJiYWciOnsiMjciOnsiaXRlbXNfYnlfc2l6ZSI6eyJtIjoyfX19fQ:1nmbRe:ekhOroOUkKBn4WgfYN7ix75F4RknEfezyGFwwdKnqis", "expire_date": "2022-05-19T13:23:02.063Z"}}, {"model": "sessions.session", "pk": "gmxvhotzzx6rjmw6dqly95ujzc1obzg8", "fields": {"session_data": "e30:1nqHz2:H579jsTcoo3OqlXvnvxAE2jGB0Dl_hQiYflKdeku9co", "expire_date": "2022-05-29T17:24:44.895Z"}}, {"model": "sessions.session", "pk": "k3al2ullv8c1cvgnrebwi7l0alb1q7ql", "fields": {"session_data": ".eJx9jDsOgzAQRO-ydYTMxzamTJ8zWGt7AeeDIwxSCOLuwRINTZop5r2ZFQx20KwgipR-olfUZtHRfykVL2jybbuAlH_wzjXOU6_nSKP2Dhoo4NQZtA8aEnB3HLqQ2TBMozdZUrKDxuwWHD2vh3s66DH2-1qJynEyZcVti7XE0jAuBWc1qjq3Lq-MzZFJ4swJxmwpVUFcyFYpx2vmqnQaKUYfBk2ftx8XaNj2A5eeVVM:1njLh3:hf5w0Q2TjOloCO8O7CrtYr8n60DzjyVNaKA64UDXa9g", "expire_date": "2022-05-10T13:57:29.881Z"}}, {"model": "sessions.session", "pk": "l55xhh21mu1vhog9qw0aikp1ym348bn7", "fields": {"session_data": "eyJiYWciOnsiNjIiOnsiaXRlbXNfYnlfc2l6ZSI6eyJ4bCI6Mn19fX0:1nk5SO:J0T0Yib5kQ_UVzM8YcFPjkqj4V_DKfnaH_hU9dp2B8s", "expire_date": "2022-05-12T14:49:24.113Z"}}, {"model": "sessions.session", "pk": "l5j601k0r4vaa9wjoj6tbm20m23zz49w", "fields": {"session_data": ".eJxVjMsOgjAQRf-la9MM0CdL935DM-0MUjXFUEg0xn9XEha6vefc8xIB12UMa-U5ZBK9aMXhd4uYrlw2QBcs50mmqSxzjnJT5E6rPE3Et-Pu_gVGrOP37Y0izbFTOg3oLHYRtDUaHHrXJGpUTA2CZQ1kAFJnfcva2MF70g5IbdHKteapBH7c8_wUPbw_c2Y-iQ:1nok8p:QafSoflOZ_T3bGuqhyfRnJXss0QfVhN_0qan-tTTRpg", "expire_date": "2022-05-25T11:04:27.020Z"}}, {"model": "sessions.session", "pk": "lymmt3btm01d434thnuca95a5b8hlkcx", "fields": {"session_data": "eyJiYWciOnsiOCI6eyJpdGVtc19ieV9zaXplIjp7Im0iOjF9fX19:1nmdkY:0iItWdCWLVDURd6uD0uYT_ZTyOis9NsPUsBAS4eJq_0", "expire_date": "2022-05-19T15:50:42.854Z"}}, {"model": "sessions.session", "pk": "pq15za2i6wrpghml6dr9bq92aj730m61", "fields": {"session_data": ".eJyrVkpKTFeyqlYyMQSRmSWpucXxSZXxxZlVqSCBHCUrw9paHSUzI6zSuUpWxrVAAAA4jxeP:1nkRWk:KuZNkCLNuYynu6AvVvAN3xP-71pDH7Kq-qw68uDR_rg", "expire_date": "2022-05-13T14:23:22.328Z"}}, {"model": "sessions.session", "pk": "s0y4x1or7xh83dbaphfuk5uxovleeuh1", "fields": {"session_data": ".eJyrVkpKTFeyqlYyMQSRmSWpucXxSZXxxZlVqSCBYiUro9paHSVLrLK5SlaGtUAAACcrF2Y:1nqXMC:3hRccMUCXvgirICNW-F8MPQoT513k8tZA6_I3HxY1A4", "expire_date": "2022-05-30T09:49:40.242Z"}}, {"model": "sessions.session", "pk": "sovodgvdbtepwmqn5rmiupn4iueg2ywb", "fields": {"session_data": ".eJxVjDkOgzAURO_y68gyxitl-pzB-l4AZwEJg5QE-e6JJRqaKd68mR0cDtDtwGTNtMZXtu5jc_rGCt4ZOlZKuYDFbR3tluNiU4AOGJyYQ_-IUy3CHadhJn6e1iU5UhVytJnc5hCf18M9HYyYx__aSB5EdC0XvketsHVUKCmoRqMbHxrufINURUGDpNS3yrAopOqNCULTwKH8ALDJRH0:1nk6YB:hxfxsqaMXv6kNCyhuwL4spmebq7M8TCNdb5ByUgbSvM", "expire_date": "2022-05-12T15:59:27.182Z"}}, {"model": "sites.site", "pk": 1, "fields": {"domain": "example.com", "name": "example.com"}}, {"model": "account.emailaddress", "pk": 1, "fields": {"user": 2, "email": "test@example.com", "verified": true, "primary": true}}, {"model": "account.emailaddress", "pk": 2, "fields": {"user": 3, "email": "didehed349@topyte.com", "verified": true, "primary": true}}, {"model": "account.emailaddress", "pk": 4, "fields": {"user": 5, "email": "colette_f_thomson@yahoo.co.uk", "verified": false, "primary": true}}, {"model": "products.classification", "pk": 1, "fields": {"name": "full_susp_mb", "friendly_name": "Full Suspension Mountain Bikes"}}, {"model": "products.classification", "pk": 2, "fields": {"name": "hardtail_mb", "friendly_name": "Hardtail Mountain Bikes"}}, {"model": "products.product", "pk": 1, "fields": {"classification": 1, "sku": "134527719", "bike_model": "Specialized Enduro Comp 2016", "rating": "4.80", "price_now": 8300, "price_was": 8900, "brand": "Specialized", "type": "Full Suspension", "sizes": true, "discipline": "Enduro", "material": "Aluminium", "wheel_size": "29\"", "rear_derailleur": "SRAM GX", "colour": "Matte Black", "gender": "Unisex", "image_url": "https://res.cloudinary.com/drxo58fsj/image/upload/v1650545784/summit-bike-co/1TS1xDZay3tIm8dvgiT_6K87k_xgcjln.jpg", "image": "media/1TS1xDZay3tIm8dvgiT_6K87k_fhlitz"}}, {"model": "products.product", "pk": 2, "fields": {"classification": 2, "sku": "145165237", "bike_model": "Giant Anthem SX 27.5 2016", "rating": "4.90", "price_now": 3499, "price_was": 3999, "brand": "Giant", "type": "Hardtail", "sizes": true, "discipline": "Cross Country", "material": "Carbon", "wheel_size": "27.5\"", "rear_derailleur": "Shimano SLX", "colour": "Green", "gender": "Unisex", "image_url": "https://res.cloudinary.com/drxo58fsj/image/upload/v1650545788/summit-bike-co/n60HKTmpOW9PN2ex9FFQFJHyg_k64ioq.jpg", "image": "media/n60HKTmpOW9PN2ex9FFQFJHyg_ucsgme"}}, {"model": "products.product", "pk": 3, "fields": {"classification": 1, "sku": "100011220", "bike_model": "Cannondale Trigger 27.5 2015", "rating": "4.50", "price_now": 9290, "price_was": 9990, "brand": "Cannondale", "type": "Full Suspension", "sizes": true, "discipline": "Trail", "material": "Carbon", "wheel_size": "27.5\"", "rear_derailleur": "SRAM XX1", "colour": "Black", "gender": "Unisex", "image_url": "https://res.cloudinary.com/drxo58fsj/image/upload/v1650545783/summit-bike-co/sh5gatS79aaXPdAqqDW7SeUsQ_dgs4au.jpg", "image": "media/sh5gatS79aaXPdAqqDW7SeUsQ_kaqsft"}}, {"model": "products.product", "pk": 4, "fields": {"classification": 1, "sku": "134718360", "bike_model": "Haro Shift R9 LT 2017", "rating": "4.80", "price_now": 2399, "price_was": 2719, "brand": "Haro", "type": "Full Suspension", "sizes": true, "discipline": "Trail", "material": "Aluminium", "wheel_size": "27.5\"", "rear_derailleur": "Shimano XT", "colour": "Black", "gender": "Unisex", "image_url": "https://res.cloudinary.com/drxo58fsj/image/upload/v1650545784/summit-bike-co/tcSsaSkBikZgTGFODURKT56YI_kbzt5l.jpg", "image": "media/tcSsaSkBikZgTGFODURKT56YI_f7istf"}}, {"model": "products.product", "pk": 5, "fields": {"classification": 1, "sku": "170692766", "bike_model": "Jamis Halo XCT Pro 2017", "rating": "4.60", "price_now": 2199, "price_was": 3499, "brand": "Jamis", "type": "Full Suspension", "sizes": true, "discipline": "Trail", "material": "Aluminium", "wheel_size": "27.5\"", "rear_derailleur": "Shimano Deore", "colour": "Blue", "gender": "Womens", "image_url": "https://res.cloudinary.com/drxo58fsj/image/upload/v1650545784/summit-bike-co/TmQPVmuxJQXyG1mFVRtNP3te8_xa1g9u.jpg", "image": "media/TmQPVmuxJQXyG1mFVRtNP3te8_p3mrxi"}}, {"model": "products.product", "pk": 6, "fields": {"classification": 2, "sku": "146028689", "bike_model": "Haro FLC 29 Pro 2017", "rating": "4.20", "price_now": 3199, "price_was": 3899, "brand": "Haro", "type": "Hardtail", "sizes": true, "discipline": "Trail", "material": "Aluminium", "wheel_size": "29\"", "rear_derailleur": "SRAM X01", "colour": "Black", "gender": "Unisex", "image_url": "https://res.cloudinary.com/drxo58fsj/image/upload/v1650545785/summit-bike-co/WhnaZ-qJdPqQKR-PXyd_BVSY0_xmgjcl.jpg", "image": "media/WhnaZ-qJdPqQKR-PXyd_BVSY0_eeuji0"}}, {"model": "products.product", "pk": 7, "fields": {"classification": 1, "sku": "136772204", "bike_model": "KHS SIXFIFTY 6700  2017", "rating": "4.50", "price_now": 5669, "price_was": 6069, "brand": "KHS", "type": "Full Suspension", "sizes": true, "discipline": "Trail", "material": "Carbon", "wheel_size": "27.5\"", "rear_derailleur": "SRAM X01", "colour": "Black and Yellow", "gender": "Unisex", "image_url": "https://res.cloudinary.com/drxo58fsj/image/upload/v1650545788/summit-bike-co/lkD0EieoabN4ZtL4-dky67yq4_bwrgft.jpg", "image": "media/lkD0EieoabN4ZtL4-dky67yq4_qkqqyx"}}, {"model": "products.product", "pk": 8, "fields": {"classification": 1, "sku": "104600107", "bike_model": "Specialized Stumpjumper 2016", "rating": "4.90", "price_now": 2900, "price_was": 4300, "brand": "Specialized", "type": "Full Suspension", "sizes": true, "discipline": "Trail", "material": "Aluminium", "wheel_size": "650b", "rear_derailleur": "SRAM X1", "colour": "Lime Green", "gender": "Unisex", "image_url": "https://res.cloudinary.com/drxo58fsj/image/upload/v1650545786/summit-bike-co/daHe6EFUIOaru55q2Xzu2SvcA_azwbwe.jpg", "image": "media/daHe6EFUIOaru55q2Xzu2SvcA_adxlfm"}}, {"model": "products.product", "pk": 9, "fields": {"classification": 1, "sku": "126951576", "bike_model": "Cannondale Scalpel HMWC 2019", "rating": "4.60", "price_now": 8600, "price_was": 9500, "brand": "Cannondale", "type": "Full Suspension", "sizes": true, "discipline": "Cross Country", "material": "Carbon", "wheel_size": "27.5\"", "rear_derailleur": "SRAM XX1 Eagle", "colour": "Yellow", "gender": "Unisex", "image_url": "https://res.cloudinary.com/drxo58fsj/image/upload/v1650545787/summit-bike-co/GE-adTu6sPNoA0FK9tBkHVpMw_wudmj6.jpg", "image": "media/GE-adTu6sPNoA0FK9tBkHVpMw_fkqvsl"}}, {"model": "products.product", "pk": 10, "fields": {"classification": 2, "sku": "126951617", "bike_model": "Cannondale HM Wld Cup 2019", "rating": "4.70", "price_now": 8700, "price_was": 9500, "brand": "Cannondale", "type": "Hardtail", "sizes": true, "discipline": "Cross Country", "material": "Carbon", "wheel_size": "29\"", "rear_derailleur": "SRAM XX1 Eagle", "colour": "Green", "gender": "Unisex", "image_url": "https://res.cloudinary.com/drxo58fsj/image/upload/v1650545783/summit-bike-co/QqP8lyGEDLDetBurZCKzJTShc_i1dstl.jpg", "image": "media/QqP8lyGEDLDetBurZCKzJTShc_uaxzzy"}}, {"model": "products.product", "pk": 11, "fields": {"classification": 1, "sku": "152813632", "bike_model": "Trek Top Fuel 9.7 2018", "rating": "4.80", "price_now": 6800, "price_was": 7500, "brand": "Trek", "type": "Full Suspension", "sizes": true, "discipline": "Cross Country", "material": "Carbon", "wheel_size": "29\"", "rear_derailleur": "SRAM GX", "colour": "Matte Silver", "gender": "Unisex", "image_url": "https://res.cloudinary.com/drxo58fsj/image/upload/v1650545786/summit-bike-co/YMvt_AV1kcLKH6N_ubptYGwM0_y439xg.jpg", "image": "media/YMvt_AV1kcLKH6N_ubptYGwM0_yxmmha"}}, {"model": "products.product", "pk": 12, "fields": {"classification": 1, "sku": "117387535", "bike_model": "Specialized Epic Expert 2016", "rating": "4.90", "price_now": 5600, "price_was": 6200, "brand": "Specialized", "type": "Full Suspension", "sizes": true, "discipline": "Cross Country", "material": "Carbon", "wheel_size": "29\"", "rear_derailleur": "Shimano XTR", "colour": "Black and Green", "gender": "Unisex", "image_url": "https://res.cloudinary.com/drxo58fsj/image/upload/v1650545785/summit-bike-co/WsIUX2Fmv7Qlkv_5jcRMrGYK0_qeaeos.jpg", "image": "media/WsIUX2Fmv7Qlkv_5jcRMrGYK0_kwfs0h"}}, {"model": "products.product", "pk": 13, "fields": {"classification": 1, "sku": "164289014", "bike_model": "Yeti SB130 X01 2019", "rating": "4.70", "price_now": 6499, "price_was": 7199, "brand": "Yeti", "type": "Full Suspension", "sizes": true, "discipline": "All Mountain", "material": "Carbon", "wheel_size": "29\"", "rear_derailleur": "SRAM X01 Eagle", "colour": "Teal", "gender": "Unisex", "image_url": "https://res.cloudinary.com/drxo58fsj/image/upload/v1650545782/summit-bike-co/oQzJY1VBTvbm6MqU2bsODVGi8_ajvvqi.jpg", "image": "media/oQzJY1VBTvbm6MqU2bsODVGi8_woythm"}}, {"model": "products.product", "pk": 14, "fields": {"classification": 1, "sku": "113256211", "bike_model": "Specialized Camber Comp 2017", "rating": "4.60", "price_now": 3400, "price_was": 3800, "brand": "Specialized", "type": "Full Suspension", "sizes": true, "discipline": "Trail", "material": "Carbon", "wheel_size": "650b", "rear_derailleur": "SRAM GX", "colour": "Lime Green", "gender": "Unisex", "image_url": "https://res.cloudinary.com/drxo58fsj/image/upload/v1650545788/summit-bike-co/kkr4Y49Hm_0JBq3G4jR7obNO0_rbabnv.jpg", "image": "media/kkr4Y49Hm_0JBq3G4jR7obNO0_fic3ps"}}, {"model": "products.product", "pk": 15, "fields": {"classification": 1, "sku": "186519278", "bike_model": "Scott Spark RC 900 Comp 2018", "rating": "4.70", "price_now": 2599, "price_was": 3199, "brand": "Scott", "type": "Full Suspension", "sizes": true, "discipline": "Cross Country", "material": "Aluminium", "wheel_size": "29\"", "rear_derailleur": "SRAM GX Eagle", "colour": "Black", "gender": "Unisex", "image_url": "https://res.cloudinary.com/drxo58fsj/image/upload/v1650545782/summit-bike-co/P4nSWeQb-gnvbCpd0mvDgz110_qods5n.jpg", "image": "media/P4nSWeQb-gnvbCpd0mvDgz110_rydaqa"}}, {"model": "products.product", "pk": 16, "fields": {"classification": 1, "sku": "139770511", "bike_model": "Jamis Hardline A1 2019", "rating": "4.50", "price_now": 2999, "price_was": 3999, "brand": "Jamis", "type": "Full Suspension", "sizes": true, "discipline": "All Mountain", "material": "Aluminium", "wheel_size": "27.5\"", "rear_derailleur": "Shimano XT", "colour": "Grey", "gender": "Unisex", "image_url": "https://res.cloudinary.com/drxo58fsj/image/upload/v1650545789/summit-bike-co/Nffze64s9u-7m5S3MWElQrrac_jwfihd.jpg", "image": "media/Nffze64s9u-7m5S3MWElQrrac_zfensn"}}, {"model": "products.product", "pk": 17, "fields": {"classification": 1, "sku": "182191973", "bike_model": "Jamis Portal A1+ 2019", "rating": "4.90", "price_now": 3300, "price_was": 3999, "brand": "Jamis", "type": "Full Suspension", "sizes": true, "discipline": "All Mountain", "material": "Aluminium", "wheel_size": "27.5\"", "rear_derailleur": "Shimano XT", "colour": "Blue", "gender": "Unisex", "image_url": "https://res.cloudinary.com/drxo58fsj/image/upload/v1650545786/summit-bike-co/9NxYBAQPwOo2Q1wGSiYchymyg_vmixnn.jpg", "image": "media/9NxYBAQPwOo2Q1wGSiYchymyg_nsnduq"}}, {"model": "products.product", "pk": 18, "fields": {"classification": 1, "sku": "139831233", "bike_model": "Jamis Hardline A2 2019", "rating": "4.80", "price_now": 2349, "price_was": 2999, "brand": "Jamis", "type": "Full Suspension", "sizes": true, "discipline": "All Mountain", "material": "Aluminium", "wheel_size": "27.5\"", "rear_derailleur": "Shimano SLX", "colour": "Black", "gender": "Unisex", "image_url": "https://res.cloudinary.com/drxo58fsj/image/upload/v1650545788/summit-bike-co/LH8vmJ47fRp0V_7W5aaKj3Lw4_yujxhf.jpg", "image": "media/LH8vmJ47fRp0V_7W5aaKj3Lw4_dcgdzy"}}, {"model": "products.product", "pk": 19, "fields": {"classification": 1, "sku": "139849655", "bike_model": "Jamis Portal A2 2019", "rating": "4.60", "price_now": 2249, "price_was": 2999, "brand": "Jamis", "type": "Full Suspension", "sizes": true, "discipline": "All Mountain", "material": "Aluminium", "wheel_size": "29\"", "rear_derailleur": "Shimano SLX", "colour": "Black", "gender": "Unisex", "image_url": "https://res.cloudinary.com/drxo58fsj/image/upload/v1650545788/summit-bike-co/L5NEthinju_HikSoCUlFkpRxQ_fahq8r.jpg", "image": "media/L5NEthinju_HikSoCUlFkpRxQ_tewsdb"}}, {"model": "products.product", "pk": 20, "fields": {"classification": 1, "sku": "141485482", "bike_model": "Giant Anthem Advanced 2", "rating": "4.80", "price_now": 2999, "price_was": 3500, "brand": "Giant", "type": "Full Suspension", "sizes": true, "discipline": "Cross Country", "material": "Carbon", "wheel_size": "27.5\"", "rear_derailleur": "SRAM X9", "colour": "Black", "gender": "Unisex", "image_url": "https://res.cloudinary.com/drxo58fsj/image/upload/v1650545787/summit-bike-co/IP_T8EMW6p-RlRYSCI5E2QJgk_ipek7i.jpg", "image": "media/IP_T8EMW6p-RlRYSCI5E2QJgk_pxr4xa"}}, {"model": "products.product", "pk": 21, "fields": {"classification": 1, "sku": "146256116", "bike_model": "Scott Spark RC900 Wld Cup 2019", "rating": "4.90", "price_now": 5500, "price_was": 6199, "brand": "Scott", "type": "Full Suspension", "sizes": true, "discipline": "Cross Country", "material": "Carbon", "wheel_size": "29\"", "rear_derailleur": "SRAM XX1 Eagle", "colour": "Grey and Yellow", "gender": "Unisex", "image_url": "https://res.cloudinary.com/drxo58fsj/image/upload/v1650545783/summit-bike-co/1h_r7vZzFA-eGxMI-BuXeFspw_mzmxcs.jpg", "image": "media/1h_r7vZzFA-eGxMI-BuXeFspw_vimfdh"}}, {"model": "products.product", "pk": 22, "fields": {"classification": 1, "sku": "115753637", "bike_model": "Giant Anthem 29er 1 2018", "rating": "4.60", "price_now": 3400, "price_was": 3825, "brand": "Giant", "type": "Full Suspension", "sizes": true, "discipline": "Cross Country", "material": "Aluminium", "wheel_size": "29\"", "rear_derailleur": "SRAM GX Eagle", "colour": "Matte Black", "gender": "Unisex", "image_url": "https://res.cloudinary.com/drxo58fsj/image/upload/v1650545785/summit-bike-co/4qXpKulUS_qjszGx2J6ncef3g_okbeao.jpg", "image": "media/4qXpKulUS_qjszGx2J6ncef3g_aiit6d"}}, {"model": "products.product", "pk": 23, "fields": {"classification": 1, "sku": "186524842", "bike_model": "Scott Spark 940 2019", "rating": "4.90", "price_now": 2799, "price_was": 3199, "brand": "Scott", "type": "Full Suspension", "sizes": true, "discipline": "Cross Country", "material": "Aluminium", "wheel_size": "29\"", "rear_derailleur": "SRAM GX Eagle", "colour": "Black", "gender": "Unisex", "image_url": "https://res.cloudinary.com/drxo58fsj/image/upload/v1650545783/summit-bike-co/r1x3IE-Yx8_8L-vnf2LLBss_M_nlppta.jpg", "image": "media/r1x3IE-Yx8_8L-vnf2LLBss_M_rybgka"}}, {"model": "products.product", "pk": 24, "fields": {"classification": 2, "sku": "184706707", "bike_model": "Jamis Dragonslayer S1 2019", "rating": "4.70", "price_now": 2099, "price_was": 2499, "brand": "Jamis", "type": "Hardtail", "sizes": true, "discipline": "All Mountain", "material": "Steel", "wheel_size": "27.5\"", "rear_derailleur": "SRAM GX Eagle", "colour": "Black", "gender": "Unisex", "image_url": "https://res.cloudinary.com/drxo58fsj/image/upload/v1650545787/summit-bike-co/iEocMQ924MeLJOnmw8iVhwZcI_xkk9fb.jpg", "image": "media/iEocMQ924MeLJOnmw8iVhwZcI_sijvt6"}}, {"model": "products.product", "pk": 25, "fields": {"classification": 2, "sku": "152813533", "bike_model": "Trek Procaliber 9.6", "rating": "4.60", "price_now": 1999, "price_was": 2499, "brand": "Trek", "type": "Hardtail", "sizes": true, "discipline": "Cross Country", "material": "Carbon", "wheel_size": "29\"", "rear_derailleur": "Shimano Deore XT", "colour": "Red", "gender": "Unisex", "image_url": "https://res.cloudinary.com/drxo58fsj/image/upload/v1650545787/summit-bike-co/DO4keZfQjwLndJaAWBf4nkMgM_ggqz5f.jpg", "image": "media/DO4keZfQjwLndJaAWBf4nkMgM_fdefgq"}}, {"model": "products.product", "pk": 26, "fields": {"classification": 1, "sku": "184170987", "bike_model": "Orbea Orbra Oiz H 30 2020", "rating": "4.70", "price_now": 2079, "price_was": 2599, "brand": "Orbea", "type": "Full Suspension", "sizes": true, "discipline": "All Mountain", "material": "Aluminium", "wheel_size": "29\"", "rear_derailleur": "Shimano SLX", "colour": "Red", "gender": "Unisex", "image_url": "https://res.cloudinary.com/drxo58fsj/image/upload/v1650545784/summit-bike-co/TagMvcpvgp1hsxuBV5D8vDpVE_y4thtm.jpg", "image": "media/TagMvcpvgp1hsxuBV5D8vDpVE_duft6x"}}, {"model": "products.product", "pk": 27, "fields": {"classification": 1, "sku": "173152575", "bike_model": "Cannondale Jekyll 2 2019", "rating": "4.60", "price_now": 5599, "price_was": 5999, "brand": "Cannondale", "type": "Full Suspension", "sizes": true, "discipline": "Trail", "material": "Carbon", "wheel_size": "27.5\"", "rear_derailleur": "SRAM X01 Eagle", "colour": "Yellow", "gender": "Unisex", "image_url": "https://res.cloudinary.com/drxo58fsj/image/upload/v1650545783/summit-bike-co/svpN5uBHbcUsi7QOaQfuQETTU_xowhks.jpg", "image": "media/svpN5uBHbcUsi7QOaQfuQETTU_ecasnk"}}, {"model": "products.product", "pk": 28, "fields": {"classification": 2, "sku": "139592446", "bike_model": "Salsa Timberjack Deore 2019", "rating": "4.40", "price_now": 1999, "price_was": 2249, "brand": "Salsa", "type": "Hardtail", "sizes": true, "discipline": "Trail", "material": "Aluminium", "wheel_size": "27.5\"", "rear_derailleur": "Shimano Deore", "colour": "Red", "gender": "Unisex", "image_url": "https://res.cloudinary.com/drxo58fsj/image/upload/v1650545786/summit-bike-co/ay4Bbp2C96_HXnN0ijGiAlVh8_cj5qgu.jpg", "image": "media/ay4Bbp2C96_HXnN0ijGiAlVh8_tvd0rl"}}, {"model": "products.product", "pk": 29, "fields": {"classification": 1, "sku": "160143474", "bike_model": "Trek Fuel Ex 9.8 27.5 Plus 2017", "rating": "4.50", "price_now": 4299, "price_was": 5299, "brand": "Trek", "type": "Full Suspension", "sizes": true, "discipline": "Trail", "material": "Carbon", "wheel_size": "27.5\"", "rear_derailleur": "Shimano Deore XT", "colour": "All Black", "gender": "Unisex", "image_url": "https://res.cloudinary.com/drxo58fsj/image/upload/v1650545789/summit-bike-co/ntIIavZfZkWT3sOc3MMRhO98g_uhtjd0.jpg", "image": "media/ntIIavZfZkWT3sOc3MMRhO98g_x09qiw"}}, {"model": "products.product", "pk": 30, "fields": {"classification": 2, "sku": "153833615", "bike_model": "Kona Big Honzo ST 2019", "rating": "4.80", "price_now": 1950, "price_was": 2399, "brand": "Kona", "type": "Hardtail", "sizes": true, "discipline": "Trail", "material": "Chromoly", "wheel_size": "27.5\"", "rear_derailleur": "SRAM NX", "colour": "Navy Blue", "gender": "Unisex", "image_url": "https://res.cloudinary.com/drxo58fsj/image/upload/v1650545788/summit-bike-co/ngdjEZtlZcYaJPR7fC5D87c_U_g6sgnx.jpg", "image": "media/ngdjEZtlZcYaJPR7fC5D87c_U_lzmpcr"}}, {"model": "products.product", "pk": 31, "fields": {"classification": 2, "sku": "139718349", "bike_model": "Salsa Timberjack SLX 2019", "rating": "4.90", "price_now": 1299, "price_was": 1599, "brand": "Salsa", "type": "Hardtail", "sizes": true, "discipline": "Trail", "material": "Aluminium", "wheel_size": "27.5\"", "rear_derailleur": "Shimano SLX", "colour": "Pink", "gender": "Unisex", "image_url": "https://res.cloudinary.com/drxo58fsj/image/upload/v1650545788/summit-bike-co/mdfDrVFaudyPY_T0jg9Z3HZGU_dtqnh2.jpg", "image": "media/mdfDrVFaudyPY_T0jg9Z3HZGU_wdpgp5"}}, {"model": "products.product", "pk": 32, "fields": {"classification": 2, "sku": "159201521", "bike_model": "Trek Roscoe 6 2019", "rating": "4.60", "price_now": 1849, "price_was": 2019, "brand": "Trek", "type": "Hardtail", "sizes": true, "discipline": "Trail", "material": "Aluminium", "wheel_size": "27.5\"", "rear_derailleur": "Shimano Deore", "colour": "Black", "gender": "Unisex", "image_url": "https://res.cloudinary.com/drxo58fsj/image/upload/v1650545786/summit-bike-co/yEnU5a2gdKFwJ1r9cjroLGBoY_aicfsa.jpg", "image": "media/yEnU5a2gdKFwJ1r9cjroLGBoY_tlnrk0"}}, {"model": "products.product", "pk": 33, "fields": {"classification": 1, "sku": "186380150", "bike_model": "Fuji Rakan 29 1.5 2019", "rating": "4.80", "price_now": 2199, "price_was": 2499, "brand": "Fuji", "type": "Full Suspension", "sizes": true, "discipline": "Trail", "material": "Aluminium", "wheel_size": "29\"", "rear_derailleur": "Shimano Deore", "colour": "Silver", "gender": "Unisex", "image_url": "https://res.cloudinary.com/drxo58fsj/image/upload/v1650545786/summit-bike-co/6Ui9CsLd6BFZD3t3zkePKq_XM_inclu2.jpg", "image": "media/6Ui9CsLd6BFZD3t3zkePKq_XM_fozvx1"}}, {"model": "products.product", "pk": 34, "fields": {"classification": 1, "sku": "171837677", "bike_model": "Giant Anthem 29er 2 2019", "rating": "4.90", "price_now": 2499, "price_was": 2940, "brand": "Giant", "type": "Full Suspension", "sizes": true, "discipline": "Cross Country", "material": "Aluminium", "wheel_size": "29\"", "rear_derailleur": "SRAM NX", "colour": "Black", "gender": "Unisex", "image_url": "https://res.cloudinary.com/drxo58fsj/image/upload/v1650545783/summit-bike-co/rJZiKWCQJFcdqQEVLw4dPh3Z8_fnmopc.jpg", "image": "media/rJZiKWCQJFcdqQEVLw4dPh3Z8_sv8lpd"}}, {"model": "products.product", "pk": 35, "fields": {"classification": 1, "sku": "141179874", "bike_model": "Giant Trance Adv Pro 29er 1 2019", "rating": "4.70", "price_now": 4499, "price_was": 5250, "brand": "Giant", "type": "Full Suspension", "sizes": true, "discipline": "Trail", "material": "Carbon", "wheel_size": "29\"", "rear_derailleur": "SRAM GX Eagle", "colour": "Green", "gender": "Unisex", "image_url": "https://res.cloudinary.com/drxo58fsj/image/upload/v1650545784/summit-bike-co/6iAHRWjf8VJvqxG778pm7PTkw_ppn4l1.jpg", "image": "media/6iAHRWjf8VJvqxG778pm7PTkw_ku5igj"}}, {"model": "products.product", "pk": 36, "fields": {"classification": 2, "sku": "146256107", "bike_model": "Scott Scale RC900 Wld Cup 2019", "rating": "4.50", "price_now": 5200, "price_was": 5799, "brand": "Scott", "type": "Hardtail", "sizes": true, "discipline": "Cross Country", "material": "Carbon", "wheel_size": "29\"", "rear_derailleur": "SRAM XX1 Eagle", "colour": "Grey and Yellow", "gender": "Unisex", "image_url": "https://res.cloudinary.com/drxo58fsj/image/upload/v1650545785/summit-bike-co/Y2gLMcLknOQumWW8BOBv16wjo_kwiocw.jpg", "image": "media/Y2gLMcLknOQumWW8BOBv16wjo_cekmhs"}}, {"model": "products.product", "pk": 37, "fields": {"classification": 1, "sku": "141179861", "bike_model": "Giant Trance Adv Pro 29er 2 2019", "rating": "4.60", "price_now": 3899, "price_was": 4515, "brand": "Giant", "type": "Full Suspension", "sizes": true, "discipline": "Trail", "material": "Carbon", "wheel_size": "29\"", "rear_derailleur": "SRAM NX", "colour": "Red", "gender": "Unisex", "image_url": "https://res.cloudinary.com/drxo58fsj/image/upload/v1650545787/summit-bike-co/FUiE54zvDCOtqOZOa8K0qtNjw_dxnjsx.jpg", "image": "media/FUiE54zvDCOtqOZOa8K0qtNjw_ryr470"}}, {"model": "products.product", "pk": 38, "fields": {"classification": 1, "sku": "160139146", "bike_model": "Trek Slash 9.7 29 2018", "rating": "4.80", "price_now": 3899, "price_was": 4499, "brand": "Trek", "type": "Full Suspension", "sizes": true, "discipline": "Trail", "material": "Carbon", "wheel_size": "29\"", "rear_derailleur": "SRAM NX", "colour": "Beige", "gender": "Unisex", "image_url": "https://res.cloudinary.com/drxo58fsj/image/upload/v1650545784/summit-bike-co/uxzNTG9_afWZblqR38BSEwBG8_gchynw.jpg", "image": "media/uxzNTG9_afWZblqR38BSEwBG8_xnneza"}}, {"model": "products.product", "pk": 39, "fields": {"classification": 2, "sku": "143710051", "bike_model": "Specialized Rockhopper 29 2018", "rating": "4.70", "price_now": 1289, "price_was": 1559, "brand": "Specialized", "type": "Hardtail", "sizes": true, "discipline": "Cross Country", "material": "Aluminium", "wheel_size": "29\"", "rear_derailleur": "Shimano Tourney", "colour": "Green", "gender": "Unisex", "image_url": "https://res.cloudinary.com/drxo58fsj/image/upload/v1650545787/summit-bike-co/jN1BVeEObfardDBbU008wG2r0_grnvse.jpg", "image": "media/jN1BVeEObfardDBbU008wG2r0_bj9zpq"}}, {"model": "products.product", "pk": 40, "fields": {"classification": 2, "sku": "102793075", "bike_model": "Cannondale Foray 3 2016", "rating": "4.60", "price_now": 1439, "price_was": 1499, "brand": "Cannondale", "type": "Hardtail", "sizes": true, "discipline": "Recreational", "material": "Aluminium", "wheel_size": "27.5\"", "rear_derailleur": "Shimano Tourney", "colour": "Pink, Grey", "gender": "Unisex", "image_url": "https://res.cloudinary.com/drxo58fsj/image/upload/v1650545782/summit-bike-co/0JTdNwEUtaLCKYks5-4EkgfU8_gxexhm.jpg", "image": "media/0JTdNwEUtaLCKYks5-4EkgfU8_bx6ate"}}, {"model": "products.product", "pk": 41, "fields": {"classification": 1, "sku": "179367367", "bike_model": "Kona Hei Hei 2019", "rating": "4.40", "price_now": 2300, "price_was": 2599, "brand": "Kona", "type": "Full Suspension", "sizes": true, "discipline": "Cross Country", "material": "Aluminium", "wheel_size": "29\"", "rear_derailleur": "SRAM NX", "colour": "Teal", "gender": "Unisex", "image_url": "https://res.cloudinary.com/drxo58fsj/image/upload/v1650545783/summit-bike-co/rWnanah33PY4G_M4DI9fdi2jE_dm0xmh.jpg", "image": "media/rWnanah33PY4G_M4DI9fdi2jE_lfyyzs"}}, {"model": "products.product", "pk": 42, "fields": {"classification": 2, "sku": "115511441", "bike_model": "Trek Procaliber 6 2018", "rating": "4.80", "price_now": 1799, "price_was": 1999, "brand": "Trek", "type": "Hardtail", "sizes": true, "discipline": "Cross Country", "material": "Aluminium", "wheel_size": "29\"", "rear_derailleur": "Shimano Deore XT", "colour": "Orange", "gender": "Unisex", "image_url": "https://res.cloudinary.com/drxo58fsj/image/upload/v1650545788/summit-bike-co/M8NvsVpyYEQB3s1MTWSv_VN-Q_uzunxf.jpg", "image": "media/M8NvsVpyYEQB3s1MTWSv_VN-Q_ihltef"}}, {"model": "products.product", "pk": 43, "fields": {"classification": 1, "sku": "136769734", "bike_model": "Niner Jet9 Rdo5 Eagle Elite 2019", "rating": "4.50", "price_now": 8280, "price_was": 9200, "brand": "Niner", "type": "Full Suspension", "sizes": true, "discipline": "Trail", "material": "Carbon", "wheel_size": "29\"", "rear_derailleur": "SRAM X01 Eagle", "colour": "Grey, Orange", "gender": "Unisex", "image_url": "https://res.cloudinary.com/drxo58fsj/image/upload/v1650545785/summit-bike-co/w1596KOou0_qsMcstr9TypzZI_hinog3.jpg", "image": "media/w1596KOou0_qsMcstr9TypzZI_nejhnq"}}, {"model": "products.product", "pk": 44, "fields": {"classification": 1, "sku": "136769733", "bike_model": "Niner Jet9 Rdo4 Eagle 2019", "rating": "4.50", "price_now": 6300, "price_was": 6700, "brand": "Niner", "type": "Full Suspension", "sizes": true, "discipline": "Trail", "material": "Carbon", "wheel_size": "29\"", "rear_derailleur": "SRAM X01 Eagle", "colour": "Grey, Orange", "gender": "Unisex", "image_url": "https://res.cloudinary.com/drxo58fsj/image/upload/v1650545788/summit-bike-co/md7XmIB12CoRaGjNp8B29PqDo_ukixoh.jpg", "image": "media/md7XmIB12CoRaGjNp8B29PqDo_w7khzo"}}, {"model": "products.product", "pk": 45, "fields": {"classification": 2, "sku": "181586945", "bike_model": "Jamis Highpoint A1 2019", "rating": "4.80", "price_now": 1300, "price_was": 1999, "brand": "Jamis", "type": "Hardtail", "sizes": true, "discipline": "Trail", "material": "Aluminium", "wheel_size": "29\"", "rear_derailleur": "Shimano Deore", "colour": "Blue", "gender": "Unisex", "image_url": "https://res.cloudinary.com/drxo58fsj/image/upload/v1650545783/summit-bike-co/1QQ5AzzAppFc6HpXrXAC0Mzlc_yt5y3b.jpg", "image": "media/1QQ5AzzAppFc6HpXrXAC0Mzlc_ctfpr7"}}, {"model": "products.product", "pk": 46, "fields": {"classification": 2, "sku": "128313017", "bike_model": "Kona Big Honzo CR 2019", "rating": "4.60", "price_now": 2699, "price_was": 2999, "brand": "Kona", "type": "Hardtail", "sizes": true, "discipline": "Trail", "material": "Carbon", "wheel_size": "27.5\"", "rear_derailleur": "SRAM GX Eagle", "colour": "Grey", "gender": "Unisex", "image_url": "https://res.cloudinary.com/drxo58fsj/image/upload/v1650545787/summit-bike-co/d5nOxeQtgeqT1A1L8w1pULPhk_gyiv6e.jpg", "image": "media/d5nOxeQtgeqT1A1L8w1pULPhk_w1gdhp"}}, {"model": "products.product", "pk": 47, "fields": {"classification": 2, "sku": "181587589", "bike_model": "Jamis Hijack A1 2019", "rating": "4.90", "price_now": 1200, "price_was": 1999, "brand": "Jamis", "type": "Hardtail", "sizes": true, "discipline": "Trail", "material": "Aluminium", "wheel_size": "27.5\"", "rear_derailleur": "Shimano Deore", "colour": "Red", "gender": "Unisex", "image_url": "https://res.cloudinary.com/drxo58fsj/image/upload/v1650545785/summit-bike-co/weYWCP0WRWeEb5ynpgRZOkUYo_b87yl2.jpg", "image": "media/weYWCP0WRWeEb5ynpgRZOkUYo_hcx2qf"}}, {"model": "products.product", "pk": 48, "fields": {"classification": 1, "sku": "141179862", "bike_model": "Giant Trance 29er 2 2019", "rating": "4.70", "price_now": 2799, "price_was": 3100, "brand": "Giant", "type": "Full Suspension", "sizes": true, "discipline": "Trail", "material": "Aluminium", "wheel_size": "29\"", "rear_derailleur": "SRAM NX", "colour": "Blue", "gender": "Unisex", "image_url": "https://res.cloudinary.com/drxo58fsj/image/upload/v1650545784/summit-bike-co/VUXKNZDqGkJNJMXeqKjBM75KU_pm0lax.jpg", "image": "media/VUXKNZDqGkJNJMXeqKjBM75KU_dxtdii"}}, {"model": "products.product", "pk": 49, "fields": {"classification": 2, "sku": "160158408", "bike_model": "KHS SIXFIFTY 680+ 2017", "rating": "4.90", "price_now": 2500, "price_was": 2900, "brand": "KHS", "type": "Hardtail", "sizes": true, "discipline": "Cross Country", "material": "Aluminium", "wheel_size": "27.5\"", "rear_derailleur": "SRAM GX", "colour": "White", "gender": "Unisex", "image_url": "https://res.cloudinary.com/drxo58fsj/image/upload/v1650545783/summit-bike-co/Pn_AfSxB6em8Qujlu5wJuMoLw_xxvdql.jpg", "image": "media/Pn_AfSxB6em8Qujlu5wJuMoLw_tu9wic"}}, {"model": "products.product", "pk": 50, "fields": {"classification": 2, "sku": "100057396", "bike_model": "KHS Ultrasport 1.0 21 Spd 2014", "rating": "4.90", "price_now": 4000, "price_was": 4439, "brand": "KHS", "type": "Hardtail", "sizes": true, "discipline": "Cross Country", "material": "Aluminium", "wheel_size": "29\"", "rear_derailleur": "Shimano Acera", "colour": "Red", "gender": "Mens", "image_url": "https://res.cloudinary.com/drxo58fsj/image/upload/v1650545787/summit-bike-co/dVaAytBOAtljS5P877HbqblIw_mdxnqe.jpg", "image": "media/dVaAytBOAtljS5P877HbqblIw_zq6pia"}}, {"model": "products.product", "pk": 51, "fields": {"classification": 1, "sku": "160161264", "bike_model": "KHS SIXFIFTY 6500+ 2019", "rating": "4.70", "price_now": 2999, "price_was": 3299, "brand": "KHS", "type": "Full Suspension", "sizes": true, "discipline": "Trail", "material": "Aluminium", "wheel_size": "27.5\"", "rear_derailleur": "Shimano XT", "colour": "Black", "gender": "Unisex", "image_url": "https://res.cloudinary.com/drxo58fsj/image/upload/v1650545784/summit-bike-co/UPczJCVZvAz5jX5CI5UOATS8M_gk3vzk.jpg", "image": "media/UPczJCVZvAz5jX5CI5UOATS8M_njtsh6"}}, {"model": "products.product", "pk": 52, "fields": {"classification": 2, "sku": "169655995", "bike_model": "Bulls Urban Evo 2018", "rating": "4.80", "price_now": 3999, "price_was": 4399, "brand": "Bulls", "type": "Hardtail", "sizes": false, "discipline": "Recreational", "material": "Aluminium", "wheel_size": "27.5\"", "rear_derailleur": "Shimano Deore XT", "colour": "Black", "gender": "Unisex", "image_url": "https://res.cloudinary.com/drxo58fsj/image/upload/v1650545784/summit-bike-co/uX7CW_h4qaBzvw2iavhQrs_no_yypsnk.jpg", "image": "media/uX7CW_h4qaBzvw2iavhQrs_no_x6qoen"}}, {"model": "products.product", "pk": 53, "fields": {"classification": 1, "sku": "152813078", "bike_model": "Trek Full Stache 8", "rating": "4.70", "price_now": 3499, "price_was": 3849, "brand": "Trek", "type": "Full Suspension", "sizes": true, "discipline": "Trail", "material": "Aluminium", "wheel_size": "29\"", "rear_derailleur": "SRAM GX Eagle", "colour": "Olive", "gender": "Unisex", "image_url": "https://res.cloudinary.com/drxo58fsj/image/upload/v1650545786/summit-bike-co/cmcvq8SspE2fr790xSQDmwy88_b3frdr.jpg", "image": "media/cmcvq8SspE2fr790xSQDmwy88_bza9yn"}}, {"model": "products.product", "pk": 54, "fields": {"classification": 2, "sku": "160161372", "bike_model": "KHS Zaca 2019", "rating": "4.90", "price_now": 1509, "price_was": 1559, "brand": "KHS", "type": "Hardtail", "sizes": true, "discipline": "Cross Country", "material": "Aluminium", "wheel_size": "29\"", "rear_derailleur": "Shimano Tourney", "colour": "Black, Grey", "gender": "Unisex", "image_url": "https://res.cloudinary.com/drxo58fsj/image/upload/v1650545782/summit-bike-co/Pmfbey9zPHuMxAz85MWW-xvRU_dwvju0.jpg", "image": "media/Pmfbey9zPHuMxAz85MWW-xvRU_jjhj2s"}}, {"model": "products.product", "pk": 55, "fields": {"classification": 2, "sku": "160158123", "bike_model": "KHS SIXFIFTY 800   2016", "rating": "4.60", "price_now": 3099, "price_was": 3399, "brand": "KHS", "type": "Hardtail", "sizes": true, "discipline": "Cross Country", "material": "Carbon", "wheel_size": "27.5\"", "rear_derailleur": "SRAM GX", "colour": "White", "gender": "Unisex", "image_url": "https://res.cloudinary.com/drxo58fsj/image/upload/v1650545784/summit-bike-co/tGtHy3pLABmCxx5zI4ikOHG-w_xe0dqv.jpg", "image": "media/tGtHy3pLABmCxx5zI4ikOHG-w_ga6cna"}}, {"model": "products.product", "pk": 56, "fields": {"classification": 2, "sku": "160159214", "bike_model": "KHS Alite 500+ 2018", "rating": "4.60", "price_now": 3739, "price_was": 3919, "brand": "KHS", "type": "Hardtail", "sizes": true, "discipline": "Recreational", "material": "Aluminium", "wheel_size": "26\"", "rear_derailleur": "Shimano Deore", "colour": "Blue", "gender": "Unisex", "image_url": "https://res.cloudinary.com/drxo58fsj/image/upload/v1650545786/summit-bike-co/b6wN2Iv_uiy1h5eKMPq3DO9bA_gyfugm.jpg", "image": "media/b6wN2Iv_uiy1h5eKMPq3DO9bA_xp09ik"}}, {"model": "products.product", "pk": 57, "fields": {"classification": 2, "sku": "160159242", "bike_model": "KHS Alite 600+ Women 2018", "rating": "4.80", "price_now": 3700, "price_was": 3919, "brand": "KHS", "type": "Hardtail", "sizes": true, "discipline": "Recreational", "material": "Aluminium", "wheel_size": "26\"", "rear_derailleur": "Shimano Deore", "colour": "Black", "gender": "Womens", "image_url": "https://res.cloudinary.com/drxo58fsj/image/upload/v1650545786/summit-bike-co/ZwxLQAzGpi3ivsEnKVB2SAMrI_fhvj01.jpg", "image": "media/ZwxLQAzGpi3ivsEnKVB2SAMrI_ll2spx"}}, {"model": "products.product", "pk": 58, "fields": {"classification": 2, "sku": "160159269", "bike_model": "KHS SIXFIFTY 300 Women 2018", "rating": "4.90", "price_now": 2500, "price_was": 2100, "brand": "KHS", "type": "Hardtail", "sizes": true, "discipline": "Recreational", "material": "Aluminium", "wheel_size": "650b", "rear_derailleur": "Shimano Acera", "colour": "Black", "gender": "Womens", "image_url": "https://res.cloudinary.com/drxo58fsj/image/upload/v1650545785/summit-bike-co/wxmOnPjaQH-NjcxqO77l9I6sw_khcuri.jpg", "image": "media/wxmOnPjaQH-NjcxqO77l9I6sw_dzbk4k"}}, {"model": "products.product", "pk": 59, "fields": {"classification": 2, "sku": "160161425", "bike_model": "KHS Winslow 2019", "rating": "4.70", "price_now": 2200, "price_was": 2699, "brand": "KHS", "type": "Hardtail", "sizes": true, "discipline": "Cross Country", "material": "Aluminium", "wheel_size": "29\"", "rear_derailleur": "Shimano Tourney", "colour": "Black", "gender": "Unisex", "image_url": "https://res.cloudinary.com/drxo58fsj/image/upload/v1650545786/summit-bike-co/cJf3sWCZ5jLGqSk05zQC5ApIs_avyln6.jpg", "image": "media/cJf3sWCZ5jLGqSk05zQC5ApIs_euh1xn"}}, {"model": "products.product", "pk": 60, "fields": {"classification": 2, "sku": "160161127", "bike_model": "KHS SIXFIFTY 300 2019", "rating": "4.60", "price_now": 3500, "price_was": 3699, "brand": "KHS", "type": "Hardtail", "sizes": true, "discipline": "Cross Country", "material": "Aluminium", "wheel_size": "650b", "rear_derailleur": "Shimano M310", "colour": "Black, Grey", "gender": "Unisex", "image_url": "https://res.cloudinary.com/drxo58fsj/image/upload/v1650545787/summit-bike-co/FTW-mWEj_hCs_oShd0mw-gA4s_r65vu6.jpg", "image": "media/FTW-mWEj_hCs_oShd0mw-gA4s_kbnnbm"}}, {"model": "products.product", "pk": 61, "fields": {"classification": 2, "sku": "160161170", "bike_model": "KHS SIXFIFTY 300 Women 2019", "rating": "4.90", "price_now": 2699, "price_was": 2100, "brand": "KHS", "type": "Hardtail", "sizes": true, "discipline": "Cross Country", "material": "Aluminium", "wheel_size": "650b", "rear_derailleur": "Shimano M310", "colour": "Black", "gender": "Womens", "image_url": "https://res.cloudinary.com/drxo58fsj/image/upload/v1650545782/summit-bike-co/00rLlpZd_NaCbqhLO3KHbgaXo_nejslf.jpg", "image": "media/00rLlpZd_NaCbqhLO3KHbgaXo_p5oucp"}}, {"model": "products.product", "pk": 62, "fields": {"classification": 1, "sku": "160161236", "bike_model": "KHS SIXFIFTY 5500 2019", "rating": "4.80", "price_now": 2149, "price_was": 2349, "brand": "KHS", "type": "Full Suspension", "sizes": true, "discipline": "Trail", "material": "Aluminium", "wheel_size": "27.5\"", "rear_derailleur": "Shimano SLX", "colour": "Blue", "gender": "Unisex", "image_url": "https://res.cloudinary.com/drxo58fsj/image/upload/v1650545783/summit-bike-co/qxWyD0intbLDdPVl07wK0sOdo_l7xhyj.jpg", "image": "media/qxWyD0intbLDdPVl07wK0sOdo_rekgww"}}, {"model": "products.product", "pk": 63, "fields": {"classification": 2, "sku": "160161504", "bike_model": "KHS Tempe 2019", "rating": "4.60", "price_now": 3099, "price_was": 3399, "brand": "KHS", "type": "Hardtail", "sizes": true, "discipline": "Cross Country", "material": "Aluminium", "wheel_size": "29\"", "rear_derailleur": "Shimano SLX", "colour": "Black", "gender": "Unisex", "image_url": "https://res.cloudinary.com/drxo58fsj/image/upload/v1650545783/summit-bike-co/0rb1lzOCndyTmbBB1-ZZo8iuc_mjyysy.jpg", "image": "media/0rb1lzOCndyTmbBB1-ZZo8iuc_mb9kjz"}}, {"model": "products.product", "pk": 64, "fields": {"classification": 2, "sku": "160161535", "bike_model": "KHS Tucson 2019", "rating": "4.70", "price_now": 2299, "price_was": 2499, "brand": "KHS", "type": "Hardtail", "sizes": true, "discipline": "Cross Country", "material": "Carbon", "wheel_size": "29\"", "rear_derailleur": "Shimano SLX", "colour": "Grey", "gender": "Unisex", "image_url": "https://res.cloudinary.com/drxo58fsj/image/upload/v1650545786/summit-bike-co/BB90Kp7Uco13ltB7H7tfSydAE_mevcug.jpg", "image": "media/BB90Kp7Uco13ltB7H7tfSydAE_lmtoty"}}, {"model": "products.product", "pk": 65, "fields": {"classification": 2, "sku": "160161204", "bike_model": "KHS SIXFIFTY 500+ 2019", "rating": "4.50", "price_now": 2899, "price_was": 2979, "brand": "KHS", "type": "Hardtail", "sizes": true, "discipline": "Cross Country", "material": "Aluminium", "wheel_size": "27.5\"", "rear_derailleur": "Shimano Deore", "colour": "Grey", "gender": "Unisex", "image_url": "https://res.cloudinary.com/drxo58fsj/image/upload/v1650545788/summit-bike-co/jPE5TeTGbk3EXkxus-VZrtUak_himyem.jpg", "image": "media/jPE5TeTGbk3EXkxus-VZrtUak_ljrqht"}}, {"model": "products.product", "pk": 66, "fields": {"classification": 2, "sku": "160161224", "bike_model": "KHS SIXFIFTY 500+ Women 2019", "rating": "4.50", "price_now": 2899, "price_was": 2979, "brand": "KHS", "type": "Hardtail", "sizes": true, "discipline": "Cross Country", "material": "Aluminium", "wheel_size": "27.5\"", "rear_derailleur": "Shimano Deore", "colour": "Black", "gender": "Womens", "image_url": "https://res.cloudinary.com/drxo58fsj/image/upload/v1650545786/summit-bike-co/zENkrGEkcMTYGCLfjv-zJ8jKU_xe2n76.jpg", "image": "media/zENkrGEkcMTYGCLfjv-zJ8jKU_vvuuot"}}, {"model": "products.product", "pk": 67, "fields": {"classification": 2, "sku": "160158392", "bike_model": "KHS SIXFIFTY 500+  Women 2017", "rating": "4.60", "price_now": 1799, "price_was": 1869, "brand": "KHS", "type": "Hardtail", "sizes": true, "discipline": "Cross Country", "material": "Aluminium", "wheel_size": "27.5\"", "rear_derailleur": "SRAM X5", "colour": "Purple", "gender": "Womens", "image_url": "https://res.cloudinary.com/drxo58fsj/image/upload/v1650545787/summit-bike-co/fXzsvEvihJ8esITuSTH874aFY_vdepzn.jpg", "image": "media/fXzsvEvihJ8esITuSTH874aFY_sfsonl"}}, {"model": "products.product", "pk": 68, "fields": {"classification": 2, "sku": "160161468", "bike_model": "KHS Aguila 2019", "rating": "4.80", "price_now": 2700, "price_was": 2999, "brand": "KHS", "type": "Hardtail", "sizes": true, "discipline": "Cross Country", "material": "Aluminium", "wheel_size": "29\"", "rear_derailleur": "Shimano SLX", "colour": "Orange", "gender": "Unisex", "image_url": "https://res.cloudinary.com/drxo58fsj/image/upload/v1650545787/summit-bike-co/dZArV6x_0GTPvwIOjBbCiC-u0_mzk2i5.jpg", "image": "media/dZArV6x_0GTPvwIOjBbCiC-u0_kbllue"}}, {"model": "products.product", "pk": 69, "fields": {"classification": 1, "sku": "160159463", "bike_model": "KHS Prescott 2018", "rating": "4.80", "price_now": 3449, "price_was": 3749, "brand": "KHS", "type": "Full Suspension", "sizes": true, "discipline": "Cross Country", "material": "Carbon", "wheel_size": "29\"", "rear_derailleur": "Shimano SLX", "colour": "Black", "gender": "Unisex", "image_url": "https://res.cloudinary.com/drxo58fsj/image/upload/v1650545787/summit-bike-co/h1fTptUVI0GpWC9inZm0PswII_d9cuy3.jpg", "image": "media/h1fTptUVI0GpWC9inZm0PswII_cju0sk"}}, {"model": "products.product", "pk": 70, "fields": {"classification": 1, "sku": "160159356", "bike_model": "KHS SIXFIFTY 7500 2018", "rating": "4.90", "price_now": 3499, "price_was": 3799, "brand": "KHS", "type": "Full Suspension", "sizes": true, "discipline": "Enduro", "material": "Aluminium", "wheel_size": "27.5\"", "rear_derailleur": "Shimano SLX", "colour": "Olive", "gender": "Unisex", "image_url": "https://res.cloudinary.com/drxo58fsj/image/upload/v1650545788/summit-bike-co/KBY-0fipwSuVbTHdoZlBeZ4Bw_beedo0.jpg", "image": "media/KBY-0fipwSuVbTHdoZlBeZ4Bw_qnvkeb"}}, {"model": "products.product", "pk": 71, "fields": {"classification": 1, "sku": "160158490", "bike_model": "KHS SIXFIFTY 7500 2017", "rating": "4.70", "price_now": 3579, "price_was": 3879, "brand": "KHS", "type": "Full Suspension", "sizes": true, "discipline": "Trail", "material": "Aluminium", "wheel_size": "27.5\"", "rear_derailleur": "SRAM GX", "colour": "Red", "gender": "Unisex", "image_url": "https://res.cloudinary.com/drxo58fsj/image/upload/v1650545785/summit-bike-co/VxCT4972W5EGhgSwwPwUoggqA_xbf3xy.jpg", "image": "media/VxCT4972W5EGhgSwwPwUoggqA_aliorw"}}, {"model": "products.product", "pk": 72, "fields": {"classification": 2, "sku": "160159286", "bike_model": "KHS SIXFIFTY 600+ 2018", "rating": "4.50", "price_now": 1199, "price_was": 1299, "brand": "KHS", "type": "Hardtail", "sizes": true, "discipline": "Cross Country", "material": "Aluminium", "wheel_size": "27.5\"", "rear_derailleur": "SRAM GX", "colour": "Grey", "gender": "Unisex", "image_url": "https://res.cloudinary.com/drxo58fsj/image/upload/v1650545788/summit-bike-co/IPLcoH_UhqVHmQF7Ero1Df30Q_rb3ul5.jpg", "image": "media/IPLcoH_UhqVHmQF7Ero1Df30Q_ax24z9"}}, {"model": "products.product", "pk": 73, "fields": {"classification": 2, "sku": "160159317", "bike_model": "KHS SIXFIFTY 600+ Women 2018", "rating": "4.60", "price_now": 1199, "price_was": 1299, "brand": "KHS", "type": "Hardtail", "sizes": true, "discipline": "Cross Country", "material": "Aluminium", "wheel_size": "27.5\"", "rear_derailleur": "SRAM GX", "colour": "White", "gender": "Womens", "image_url": "https://res.cloudinary.com/drxo58fsj/image/upload/v1650545785/summit-bike-co/7H2fQHr3ktfFRc4T97E4IRJ6w_ib4qan.jpg", "image": "media/7H2fQHr3ktfFRc4T97E4IRJ6w_ad20vf"}}, {"model": "products.product", "pk": 74, "fields": {"classification": 1, "sku": "160161336", "bike_model": "KHS SIXFIFTY 7500 2019", "rating": "4.90", "price_now": 3599, "price_was": 3899, "brand": "KHS", "type": "Full Suspension", "sizes": true, "discipline": "Enduro", "material": "Aluminium", "wheel_size": "27.5\"", "rear_derailleur": "Shimano XT", "colour": "Blue", "gender": "Unisex", "image_url": "https://res.cloudinary.com/drxo58fsj/image/upload/v1650545784/summit-bike-co/thPwY-6uompbxWYq4nlIYy4kA_bimqtm.jpg", "image": "media/thPwY-6uompbxWYq4nlIYy4kA_tgbmf4"}}, {"model": "products.product", "pk": 75, "fields": {"classification": 2, "sku": "141176459", "bike_model": "KHS SIXFIFTY 200 Women 2018", "rating": "4.90", "price_now": 3389, "price_was": 3529, "brand": "KHS", "type": "Hardtail", "sizes": true, "discipline": "Recreational", "material": "Aluminium", "wheel_size": "650b", "rear_derailleur": "Shimano TY500", "colour": "Black, Silver", "gender": "Womens", "image_url": "https://res.cloudinary.com/drxo58fsj/image/upload/v1650545785/summit-bike-co/wld77bdDE4s3oN1obusChvZHg_fb8tku.jpg", "image": "media/wld77bdDE4s3oN1obusChvZHg_nevqpb"}}, {"model": "products.product", "pk": 76, "fields": {"classification": 1, "sku": "160161589", "bike_model": "KHS Prescott 2019", "rating": "4.80", "price_now": 3699, "price_was": 3999, "brand": "KHS", "type": "Full Suspension", "sizes": true, "discipline": "Cross Country", "material": "Carbon", "wheel_size": "29\"", "rear_derailleur": "Shimano XT", "colour": "Grey", "gender": "Unisex", "image_url": "https://res.cloudinary.com/drxo58fsj/image/upload/v1650545785/summit-bike-co/6FAlyP3qAB4eCt_9CRYuV6dts_dnsa4h.jpg", "image": "media/6FAlyP3qAB4eCt_9CRYuV6dts_xrityb"}}, {"model": "products.product", "pk": 77, "fields": {"classification": 1, "sku": "160158238", "bike_model": "KHS Flagstaff  2016", "rating": "4.70", "price_now": 2599, "price_was": 2799, "brand": "KHS", "type": "Full Suspension", "sizes": true, "discipline": "Trail", "material": "Aluminium", "wheel_size": "29\"", "rear_derailleur": "SRAM GX", "colour": "Blue", "gender": "Unisex", "image_url": "https://res.cloudinary.com/drxo58fsj/image/upload/v1650545783/summit-bike-co/_ZbV1uaAfhaH0ahP-UpRW7uYo_lsm2hb.jpg", "image": "media/_ZbV1uaAfhaH0ahP-UpRW7uYo_mvttmb"}}, {"model": "products.product", "pk": 78, "fields": {"classification": 2, "sku": "113256886", "bike_model": "Specialized Rockhopper 2018", "rating": "4.80", "price_now": 1600, "price_was": 1700, "brand": "Specialized", "type": "Hardtail", "sizes": true, "discipline": "Cross Country", "material": "Aluminium", "wheel_size": "29\"", "rear_derailleur": "Shimano Acera", "colour": "Grey", "gender": "Womens", "image_url": "https://res.cloudinary.com/drxo58fsj/image/upload/v1650545789/summit-bike-co/nrwNPiuxtALS7UeRsHH6btKco_bi0cwc.jpg", "image": "media/nrwNPiuxtALS7UeRsHH6btKco_gmuhqz"}}, {"model": "products.product", "pk": 79, "fields": {"classification": 2, "sku": "160158085", "bike_model": "KHS SIXFIFTY 700 2016", "rating": "4.80", "price_now": 2699, "price_was": 2899, "brand": "KHS", "type": "Hardtail", "sizes": true, "discipline": "Cross Country", "material": "Carbon", "wheel_size": "27.5\"", "rear_derailleur": "SRAM GX", "colour": "Red", "gender": "Unisex", "image_url": "https://res.cloudinary.com/drxo58fsj/image/upload/v1650545784/summit-bike-co/VkAkcDOFxrATTsqqb_sOPWxyI_hwfwps.jpg", "image": "media/VkAkcDOFxrATTsqqb_sOPWxyI_hrnihh"}}, {"model": "products.product", "pk": 80, "fields": {"classification": 2, "sku": "113485365", "bike_model": "Felt Dispatch 9 / 90 2018", "rating": "4.60", "price_now": 1539, "price_was": 1780, "brand": "Felt", "type": "Hardtail", "sizes": true, "discipline": "Cross Country", "material": "Aluminium", "wheel_size": "29\"", "rear_derailleur": "Shimano Acera", "colour": "Red", "gender": "Unisex", "image_url": "https://res.cloudinary.com/drxo58fsj/image/upload/v1650545782/summit-bike-co/o-vYHxi6OEOt2maU6MqBs1mC0_hywswn.jpg", "image": "media/o-vYHxi6OEOt2maU6MqBs1mC0_dxbjir"}}, {"model": "products.product", "pk": 94, "fields": {"classification": 1, "sku": null, "bike_model": "tiger", "rating": null, "price_now": 1111, "price_was": null, "brand": "tiger", "type": "tiger", "sizes": true, "discipline": "fast", "material": "strong", "wheel_size": "20", "rear_derailleur": "yes", "colour": "stripes", "gender": "unisex", "image_url": null, "image": "media/3904_vpnnua"}}, {"model": "products.product", "pk": 95, "fields": {"classification": 1, "sku": null, "bike_model": "frog", "rating": null, "price_now": 1112, "price_was": null, "brand": "any", "type": "pretty", "sizes": true, "discipline": "none", "material": "green", "wheel_size": "20", "rear_derailleur": "no", "colour": "multi", "gender": "any", "image_url": null, "image": "media/1518642_789934377745547_4746610182622462979_n_cipgt2"}}, {"model": "checkout.order", "pk": 1, "fields": {"order_number": "E54A59B92C304DB19AB5DAAF21F10A99", "user_profile": null, "full_name": "Marty", "email": "colette_f_thomson@yahoo.co.uk", "phone_number": "123456789", "country": "GB", "postcode": "7503Gn23", "town_or_city": "the town", "street_address1": "1", "street_address2": "the road", "county": null, "date": "2022-05-06T09:46:35.713Z", "delivery_cost": "0.00", "order_total": "8100.00", "grand_total": "8100.00", "original_bag": "{\"8\": {\"items_by_size\": {\"xl\": 2}}, \"41\": {\"items_by_size\": {\"xs\": 1}}}", "stripe_pid": "pi_3KwNghLsgz83ysbn0BapVZBl"}}, {"model": "checkout.order", "pk": 2, "fields": {"order_number": "53BD22816FF943B08FF0D5329FB8C226", "user_profile": null, "full_name": "fhp893r", "email": "test@example.com", "phone_number": "12345678", "country": "GB", "postcode": "512904npi", "town_or_city": "town", "street_address1": "1", "street_address2": "road", "county": null, "date": "2022-05-06T10:08:58.097Z", "delivery_cost": "0.00", "order_total": "2799.00", "grand_total": "2799.00", "original_bag": "{\"23\": {\"items_by_size\": {\"xl\": 1}}}", "stripe_pid": "pi_3KwO4sLsgz83ysbn167RcUIY"}}, {"model": "checkout.order", "pk": 3, "fields": {"order_number": "1611D21A50E940939B68363EB2685AE9", "user_profile": null, "full_name": "testemail", "email": "colette_f_thomson@yahoo.co.uk", "phone_number": "123456789", "country": "GB", "postcode": "9485f9q", "town_or_city": "city", "street_address1": "1", "street_address2": "street", "county": null, "date": "2022-05-06T10:59:00.307Z", "delivery_cost": "0.00", "order_total": "1539.00", "grand_total": "1539.00", "original_bag": "{\"80\": {\"items_by_size\": {\"s\": 1}}}", "stripe_pid": "pi_3KwOqtLsgz83ysbn13nvpcgC"}}, {"model": "checkout.order", "pk": 4, "fields": {"order_number": "59AB1563F1484CC7AC45961BD84D30B1", "user_profile": null, "full_name": "testwh", "email": "colette_f_thomson@yahoo.co.uk", "phone_number": "1", "country": "GB", "postcode": "56255623", "town_or_city": "town", "street_address1": "street", "street_address2": null, "county": null, "date": "2022-05-06T11:28:42.626Z", "delivery_cost": "0.00", "order_total": "5500.00", "grand_total": "5500.00", "original_bag": "{\"21\": {\"items_by_size\": {\"xs\": 1}}}", "stripe_pid": "pi_3KwPJqLsgz83ysbn0pJJnRx5"}}, {"model": "checkout.order", "pk": 5, "fields": {"order_number": "458FA0EF24AE49299EDD0C15BE7902EA", "user_profile": null, "full_name": "testform", "email": "colette_f_thomson@yahoo.co.uk", "phone_number": "123456789", "country": "GB", "postcode": "5134jr23", "town_or_city": "town", "street_address1": "2", "street_address2": null, "county": null, "date": "2022-05-06T11:31:51.452Z", "delivery_cost": "0.00", "order_total": "8600.00", "grand_total": "8600.00", "original_bag": "{\"9\": {\"items_by_size\": {\"xl\": 1}}}", "stripe_pid": "pi_3KwPMfLsgz83ysbn1DOIcyxM"}}, {"model": "checkout.order", "pk": 6, "fields": {"order_number": "31A54F0573A041C286FCE0F23B743F87", "user_profile": null, "full_name": "realemail", "email": "colette_f_thomson@yahoo.co.uk", "phone_number": "12346546256", "country": "GB", "postcode": "642654745", "town_or_city": "town", "street_address1": "5", "street_address2": null, "county": null, "date": "2022-05-06T12:24:16.110Z", "delivery_cost": "0.00", "order_total": "3200.00", "grand_total": "3200.00", "original_bag": "{\"78\": {\"items_by_size\": {\"l\": 2}}}", "stripe_pid": "pi_3KwQBgLsgz83ysbn0uOUNv9A"}}, {"model": "checkout.order", "pk": 7, "fields": {"order_number": "E94DCFF986D04D5B945C3A61843E317C", "user_profile": null, "full_name": "test3", "email": "colette_f_thomson@yahoo.co.uk", "phone_number": "1234567", "country": "GB", "postcode": "e546316", "town_or_city": "town", "street_address1": "1", "street_address2": null, "county": null, "date": "2022-05-06T12:44:17.109Z", "delivery_cost": "0.00", "order_total": "7898.00", "grand_total": "7898.00", "original_bag": "{\"23\": {\"items_by_size\": {\"xl\": 2}}, \"41\": {\"items_by_size\": {\"m\": 1}}}", "stripe_pid": "pi_3KwQUvLsgz83ysbn1WKsyIYy"}}, {"model": "checkout.order", "pk": 8, "fields": {"order_number": "0B61D43CC8F34C7F8D991A054222992B", "user_profile": 2, "full_name": "account", "email": "colette_f_thomson@yahoo.co.uk", "phone_number": "12345678", "country": "GB", "postcode": "652425", "town_or_city": "town", "street_address1": "1", "street_address2": "street", "county": null, "date": "2022-05-14T11:47:37.962Z", "delivery_cost": "119.90", "order_total": "1199.00", "grand_total": "1318.90", "original_bag": "{\"73\": {\"items_by_size\": {\"l\": 1}}}", "stripe_pid": "pi_3KzJPgLsgz83ysbn0KaPcGkL"}}, {"model": "checkout.order", "pk": 9, "fields": {"order_number": "CBB5262D979E4DDAB861ECCD67AE354D", "user_profile": 2, "full_name": "randomuser", "email": "test@example.com", "phone_number": "123456789", "country": "GB", "postcode": "652425", "town_or_city": "town", "street_address1": "1", "street_address2": "street", "county": null, "date": "2022-05-15T11:16:36.131Z", "delivery_cost": "0.00", "order_total": "5669.00", "grand_total": "5669.00", "original_bag": "{\"7\": {\"items_by_size\": {\"l\": 1}}}", "stripe_pid": "pi_3KzfQYLsgz83ysbn0QMaqAIU"}}, {"model": "checkout.order", "pk": 10, "fields": {"order_number": "9DA255E9303F4D6B91FC9E079A35C32F", "user_profile": 2, "full_name": "webhooktest", "email": "colette_f_thomson@yahoo.co.uk", "phone_number": "123456789", "country": "GB", "postcode": "652425", "town_or_city": "town", "street_address1": "1", "street_address2": "street", "county": null, "date": "2022-05-15T15:53:18.388Z", "delivery_cost": "0.00", "order_total": "2300.00", "grand_total": "2300.00", "original_bag": "{\"41\": {\"items_by_size\": {\"m\": 1}}}", "stripe_pid": "pi_3Kzjk4Lsgz83ysbn0a0Rw6w7"}}, {"model": "checkout.order", "pk": 11, "fields": {"order_number": "A371E1C9A8AC4BEFB72949E5D3190A92", "user_profile": 2, "full_name": "testconfemail", "email": "test@example.com", "phone_number": "123456789", "country": "GB", "postcode": "652425", "town_or_city": "town", "street_address1": "1", "street_address2": "street", "county": null, "date": "2022-05-15T16:19:53.836Z", "delivery_cost": "0.00", "order_total": "8700.00", "grand_total": "8700.00", "original_bag": "{\"10\": {\"items_by_size\": {\"m\": 1}}}", "stripe_pid": "pi_3KzkAGLsgz83ysbn07zwM8uB"}}, {"model": "checkout.order", "pk": 12, "fields": {"order_number": "CA60AC2024154599B4C23C94C774D56A", "user_profile": null, "full_name": "testwebhook2", "email": "colette_f_thomson@yahoo.co.uk", "phone_number": "12345678", "country": "GB", "postcode": "12345", "town_or_city": "town", "street_address1": "1", "street_address2": null, "county": null, "date": "2022-05-16T09:40:54.026Z", "delivery_cost": "0.00", "order_total": "4600.00", "grand_total": "4600.00", "original_bag": "{\"41\": {\"items_by_size\": {\"s\": 2}}}", "stripe_pid": "pi_3L00OkLsgz83ysbn0r9Ta0AJ"}}, {"model": "checkout.order", "pk": 13, "fields": {"order_number": "C55C2582E1014B9DAC8C654ADD0C6B6F", "user_profile": null, "full_name": "test300", "email": "colette_f_thomson@yahoo.co.uk", "phone_number": "123455678", "country": "GB", "postcode": "654131", "town_or_city": "city", "street_address1": "2", "street_address2": null, "county": null, "date": "2022-05-16T10:04:59.179Z", "delivery_cost": "0.00", "order_total": "2300.00", "grand_total": "2300.00", "original_bag": "{\"41\": {\"items_by_size\": {\"xl\": 1}}}", "stripe_pid": "pi_3L00mKLsgz83ysbn0mcXJWla"}}, {"model": "checkout.order", "pk": 14, "fields": {"order_number": "F3E19DB972A3483E8BF2DCB6306C64AA", "user_profile": null, "full_name": "randomuser2", "email": "colette_f_thomson@yahoo.co.uk", "phone_number": "12345678", "country": "GB", "postcode": "12345678", "town_or_city": "city", "street_address1": "3", "street_address2": null, "county": null, "date": "2022-05-16T10:35:46.554Z", "delivery_cost": "0.00", "order_total": "0.00", "grand_total": "0.00", "original_bag": "{\"11\": {\"items_by_size\": {\"xl\": 2}}}", "stripe_pid": "pi_3L01E2Lsgz83ysbn1nl8fhxF"}}, {"model": "checkout.order", "pk": 15, "fields": {"order_number": "6687EE5FCE794B6CAF18FF355A748287", "user_profile": null, "full_name": "testingheroku", "email": "test@example.com", "phone_number": "12345678", "country": "GB", "postcode": "123456", "town_or_city": "city", "street_address1": "1", "street_address2": null, "county": null, "date": "2022-05-16T11:03:49.611Z", "delivery_cost": "0.00", "order_total": "3499.00", "grand_total": "3499.00", "original_bag": "{\"2\": {\"items_by_size\": {\"m\": 1}}}", "stripe_pid": "pi_3L01hSLsgz83ysbn0ntFHcht"}}, {"model": "checkout.order", "pk": 16, "fields": {"order_number": "B504CFA15DE844A8BB572D73C7FDFC14", "user_profile": null, "full_name": "testround", "email": "test@example.com", "phone_number": "12345678", "country": "GB", "postcode": "123456", "town_or_city": "city", "street_address1": "1", "street_address2": null, "county": null, "date": "2022-05-16T11:29:12.573Z", "delivery_cost": "0.00", "order_total": "0.00", "grand_total": "0.00", "original_bag": "{\"11\": {\"items_by_size\": {\"xl\": 2}}}", "stripe_pid": "pi_3L0265Lsgz83ysbn1COfd8iv"}}, {"model": "checkout.order", "pk": 18, "fields": {"order_number": "B891092B0A5A4B5299B1F14343175D25", "user_profile": null, "full_name": "randomuser2", "email": "colette_f_thomson@yahoo.co.uk", "phone_number": "12345678", "country": "GB", "postcode": "12345678", "town_or_city": "city", "street_address1": "3", "street_address2": null, "county": null, "date": "2022-05-16T11:32:06.445Z", "delivery_cost": "0.00", "order_total": "0.00", "grand_total": "0.00", "original_bag": "{\"11\": {\"items_by_size\": {\"xl\": 2}}}", "stripe_pid": "pi_3L01E2Lsgz83ysbn1nl8fhxF"}}, {"model": "checkout.order", "pk": 19, "fields": {"order_number": "5752116E3FEE4000AE49E55817632353", "user_profile": null, "full_name": "roundtest2", "email": "test@example.com", "phone_number": "12345678", "country": "GB", "postcode": "123456", "town_or_city": "town", "street_address1": "100", "street_address2": null, "county": null, "date": "2022-05-16T11:40:12.314Z", "delivery_cost": "0.00", "order_total": "0.00", "grand_total": "0.00", "original_bag": "{\"11\": {\"items_by_size\": {\"xl\": 2}}, \"73\": {\"items_by_size\": {\"m\": 1}}}", "stripe_pid": "pi_3L02GhLsgz83ysbn0CqYZazB"}}, {"model": "checkout.orderlineitem", "pk": 1, "fields": {"order": 1, "product": 8, "product_size": "xl", "quantity": 2, "lineitem_total": "5800.00"}}, {"model": "checkout.orderlineitem", "pk": 2, "fields": {"order": 1, "product": 41, "product_size": "xs", "quantity": 1, "lineitem_total": "2300.00"}}, {"model": "checkout.orderlineitem", "pk": 3, "fields": {"order": 2, "product": 23, "product_size": "xl", "quantity": 1, "lineitem_total": "2799.00"}}, {"model": "checkout.orderlineitem", "pk": 4, "fields": {"order": 3, "product": 80, "product_size": "s", "quantity": 1, "lineitem_total": "1539.00"}}, {"model": "checkout.orderlineitem", "pk": 5, "fields": {"order": 4, "product": 21, "product_size": "xs", "quantity": 1, "lineitem_total": "5500.00"}}, {"model": "checkout.orderlineitem", "pk": 6, "fields": {"order": 5, "product": 9, "product_size": "xl", "quantity": 1, "lineitem_total": "8600.00"}}, {"model": "checkout.orderlineitem", "pk": 7, "fields": {"order": 6, "product": 78, "product_size": "l", "quantity": 2, "lineitem_total": "3200.00"}}, {"model": "checkout.orderlineitem", "pk": 8, "fields": {"order": 7, "product": 23, "product_size": "xl", "quantity": 2, "lineitem_total": "5598.00"}}, {"model": "checkout.orderlineitem", "pk": 9, "fields": {"order": 7, "product": 41, "product_size": "m", "quantity": 1, "lineitem_total": "2300.00"}}, {"model": "checkout.orderlineitem", "pk": 10, "fields": {"order": 8, "product": 73, "product_size": "l", "quantity": 1, "lineitem_total": "1199.00"}}, {"model": "checkout.orderlineitem", "pk": 11, "fields": {"order": 9, "product": 7, "product_size": "l", "quantity": 1, "lineitem_total": "5669.00"}}, {"model": "checkout.orderlineitem", "pk": 12, "fields": {"order": 10, "product": 41, "product_size": "m", "quantity": 1, "lineitem_total": "2300.00"}}, {"model": "checkout.orderlineitem", "pk": 13, "fields": {"order": 11, "product": 10, "product_size": "m", "quantity": 1, "lineitem_total": "8700.00"}}, {"model": "checkout.orderlineitem", "pk": 14, "fields": {"order": 12, "product": 41, "product_size": "s", "quantity": 2, "lineitem_total": "4600.00"}}, {"model": "checkout.orderlineitem", "pk": 15, "fields": {"order": 13, "product": 41, "product_size": "xl", "quantity": 1, "lineitem_total": "2300.00"}}, {"model": "checkout.orderlineitem", "pk": 16, "fields": {"order": 15, "product": 2, "product_size": "m", "quantity": 1, "lineitem_total": "3499.00"}}, {"model": "profiles.userprofile", "pk": 1, "fields": {"user": 1, "default_phone_number": null, "default_street_address1": null, "default_street_address2": null, "default_town_or_city": null, "default_county": null, "default_postcode": null, "default_country": null}}, {"model": "profiles.userprofile", "pk": 2, "fields": {"user": 2, "default_phone_number": "123456789", "default_street_address1": "1", "default_street_address2": "street", "default_town_or_city": "town", "default_county": null, "default_postcode": "652425", "default_country": "GB"}}, {"model": "profiles.userprofile", "pk": 3, "fields": {"user": 3, "default_phone_number": null, "default_street_address1": null, "default_street_address2": null, "default_town_or_city": null, "default_county": null, "default_postcode": null, "default_country": null}}, {"model": "profiles.userprofile", "pk": 5, "fields": {"user": 5, "default_phone_number": null, "default_street_address1": null, "default_street_address2": null, "default_town_or_city": null, "default_county": null, "default_postcode": null, "default_country": null}}]